ID,Year Founded,2015 Revenue,,,,
1,2006,"$10,684,527",,,,
2,2009,"$9,016,543",,,,
3,2013,"$12,456,642",,,,
4,2012,"$7,746,272",,,,
5,2009,"$10,725,585",,,,
6,2009,"$7,798,447",,,,
7,2011,"$10,359,369",,,,
8,2011,"$8,501,568",,,,
9,2010,"$6,329,644",,,,
10,2013,"$9,227,504",,,,
11,2011,"$6,836,807",,,,
12,2013,"$9,567,910",,,,
13,2013,"$7,805,452",,,,
14,2009,"$9,812,558",,,,
15,2013,"$13,058,157",,,,
16,2009,"$3,387,469",,,,
17,2010,"$6,747,855",,,,
18,2012,"$9,526,170",,,,
19,2013,"$7,305,865",,,,
20,2009,"$6,757,018",,,,
21,2010,"$9,442,768",,,,
22,2010,"$10,329,371",,,,
23,2012,"$10,597,009",,,,
24,2010,"$8,719,723",,,,
25,2013,"$9,026,934",,,,
26,2013,"$10,376,897",,,,
27,2012,"$9,922,155",,,,
28,2009,"$10,573,990",,,,
29,2006,"$8,898,119",,,,
30,2012,"$13,877,423",,,,
31,2010,"$9,254,614",,,,
32,2013,"$7,028,880",,,,
33,2007,"$7,361,116",,,,
34,2009,"$9,451,943",,,,
35,2011,"$9,001,180",,,,
36,2011,"$11,088,336",,,,
37,2012,"$8,442,982",,,,
38,2008,"$8,746,451",,,,
39,2011,"$11,410,628",,,,
40,2012,"$9,423,617",,,,
41,2012,"$7,411,035",,,,
42,2010,"$11,205,063",,,,
43,2012,"$7,978,332",,,,
44,2012,"$7,346,281",,,,
45,2012,"$9,418,303",,,,
46,2011,"$8,365,394",,,,
47,2009,"$7,789,730",,,,
48,2012,"$6,950,148",,,,
49,2010,"$8,984,621",,,,
50,2013,"$6,104,275",,,,
51,2010,"$10,878,837",,,,
52,2008,"$10,345,435",,,,
53,2012,"$6,732,003",,,,
54,2004,"$9,304,480",,,,
55,2009,"$9,849,067",,,,
56,2011,"$9,785,982",,,,
57,2011,"$12,159,973",,,,
58,2000,"$10,800,718",,,,
59,2009,"$8,069,233",,,,
60,2010,"$10,515,557",,,,
61,2010,"$5,653,905",,,,
62,2013,"$6,231,275",,,,
63,2011,"$10,212,233",,,,
64,2011,"$6,811,168",,,,
65,2012,"$10,609,756",,,,
66,2010,"$10,141,817",,,,
67,2008,"$8,165,222",,,,
68,2011,"$12,504,780",,,,
69,2011,"$10,421,180",,,,
70,2011,"$6,595,798",,,,
71,2010,"$12,433,991",,,,
72,2012,"$8,822,677",,,,
73,2005,"$9,772,570",,,,
74,2011,"$7,403,633",,,,
75,2007,"$5,627,074",,,,
76,2010,"$12,127,885",,,,
77,2010,"$8,374,283",,,,
78,2011,"$8,396,546",,,,
79,2012,"$11,022,415",,,,
80,2010,"$7,153,440",,,,
81,2004,"$12,919,391",,,,
82,2012,"$12,658,910",,,,
83,2013,"$7,732,190",,,,
84,2012,"$11,642,543",,,,
85,2012,"$9,235,777",,,,
86,2010,"$10,339,863",,,,
87,2012,"$9,898,288",,,,
88,2010,"$9,738,858",,,,
89,2013,"$9,621,471",,,,
90,2013,"$8,027,658",,,,
91,2011,"$10,603,211",,,,
92,2011,"$5,424,720",,,,
93,2012,"$10,795,733",,,,
94,2010,"$6,598,854",,,,
95,2009,"$7,543,695",,,,
96,2013,"$11,374,343",,,,
97,2012,"$6,918,290",,,,
98,2012,"$10,757,724",,,,
99,2012,"$6,978,995",,,,
100,2012,"$8,651,649",,,,
101,2013,"$5,903,763",,,,
102,2011,"$6,036,944",,,,
103,2010,"$6,352,466",,,,
104,2011,"$11,250,184",,,,
105,2012,"$8,299,901",,,,
106,2010,"$7,723,684",,,,
107,2010,"$2,663,591",,,,
108,2010,"$11,442,136",,,,
109,2010,"$7,685,910",,,,
110,2009,"$9,605,855",,,,
111,2012,"$9,445,633",,,,
112,2000,"$8,951,131",,,,
113,2006,"$12,214,068",,,,
114,2013,"$9,362,411",,,,
115,2010,"$7,517,507",,,,
116,2013,"$9,980,591",,,,
117,2009,"$9,833,220",,,,
118,2003,"$7,201,918",,,,
119,2009,"$9,069,262",,,,
120,2010,"$9,802,438",,,,
121,2013,"$6,071,997",,,,
122,2011,"$4,475,874",,,,
123,2008,"$8,687,895",,,,
124,2010,"$8,429,577",,,,
125,2011,"$13,118,996",,,,
126,2013,"$7,147,363",,,,
127,2009,"$9,953,759",,,,
128,2009,"$9,410,642",,,,
129,2011,"$7,806,395",,,,
130,2002,"$12,477,085",,,,
131,2011,"$8,738,360",,,,
132,2006,"$11,221,740",,,,
133,2011,"$8,482,411",,,,
134,2012,"$5,543,509",,,,
135,1999,"$10,916,975",,,,
136,2014,"$6,619,705",,,,
137,2009,"$9,903,489",,,,
138,2014,"$9,055,903",,,,
139,2014,"$8,109,638",,,,
140,2000,"$9,024,010",,,,
141,2010,"$13,245,601",,,,
142,2013,"$12,577,936",,,,
143,2012,"$9,048,981",,,,
144,2010,"$9,127,163",,,,
145,2014,"$5,908,577",,,,
146,2014,"$4,779,076",,,,
147,2012,"$8,992,759",,,,
148,2013,"$6,218,086",,,,
149,2012,"$9,834,266",,,,
150,2010,"$9,359,151",,,,
151,2010,"$6,475,261",,,,
152,2010,"$8,335,149",,,,
153,2011,"$9,145,450",,,,
154,2003,"$7,002,832",,,,
155,2006,"$8,621,837",,,,
156,2010,"$8,913,061",,,,
157,2012,"$7,863,279",,,,
158,2010,"$8,800,620",,,,
159,2013,"$11,755,980",,,,
160,2013,"$8,388,784",,,,
161,2011,"$7,418,922",,,,
162,2012,"$12,883,296",,,,
163,2009,"$10,820,183",,,,
164,2013,"$12,208,678",,,,
165,2007,"$7,635,932",,,,
166,2009,"$11,195,183",,,,
167,2013,"$6,697,300",,,,
168,2012,"$8,173,550",,,,
169,2014,"$4,749,094",,,,
170,2013,"$7,161,498",,,,
171,2014,"$9,068,409",,,,
172,2009,"$9,318,364",,,,
173,2009,"$10,992,478",,,,
174,2012,"$9,398,947",,,,
175,2010,"$6,190,812",,,,
176,2012,"$10,932,712",,,,
177,2010,"$9,477,347",,,,
178,2011,"$6,812,340",,,,
179,2002,"$7,410,581",,,,
180,2014,"$6,110,189",,,,
181,2014,"$7,402,217",,,,
182,2013,"$11,210,769",,,,
183,2009,"$12,184,061",,,,
184,2006,"$12,554,383",,,,
185,2010,"$12,532,632",,,,
186,2013,"$12,439,695",,,,
187,2012,"$11,511,148",,,,
188,2012,"$8,800,946",,,,
189,2010,"$8,375,924",,,,
190,2012,"$10,935,075",,,,
191,2009,"$11,205,036",,,,
192,2012,"$8,198,522",,,,
193,2009,"$8,789,561",,,,
194,2010,"$14,001,604",,,,
195,2012,"$8,310,294",,,,
196,2013,"$9,102,843",,,,
197,2002,"$9,380,872",,,,
198,2011,"$8,724,297",,,,
199,2010,"$5,501,719",,,,
200,2002,"$7,232,098",,,,
201,2002,"$10,274,457",,,,
202,2010,"$8,124,116",,,,
203,2012,"$5,166,324",,,,
204,2009,"$10,488,577",,,,
205,2014,"$1,614,585",,,,
206,2010,"$10,650,059",,,,
207,2011,"$5,307,243",,,,
208,2008,"$7,404,129",,,,
209,2010,"$7,266,698",,,,
210,2006,"$7,042,297",,,,
211,2004,"$10,805,554",,,,
212,2011,"$6,028,952",,,,
213,2009,"$9,150,382",,,,
214,2011,"$9,391,015",,,,
215,2012,"$10,514,846",,,,
216,2012,"$8,236,758",,,,
217,2011,"$8,001,019",,,,
218,2014,"$13,645,814",,,,
219,2012,"$8,230,012",,,,
220,2012,"$9,590,886",,,,
221,2010,"$8,492,524",,,,
222,2013,"$11,311,771",,,,
223,2013,"$8,942,315",,,,
224,2012,"$7,858,271",,,,
225,2013,"$9,045,108",,,,
226,2009,"$7,529,148",,,,
227,2005,"$9,521,727",,,,
228,2013,"$10,353,055",,,,
229,2004,"$7,733,374",,,,
230,2005,"$10,249,518",,,,
231,2003,"$6,879,766",,,,
232,2012,"$15,252,673",,,,
233,2014,"$5,994,715",,,,
234,2011,"$7,241,642",,,,
235,2012,"$7,069,939",,,,
236,2012,"$10,360,478",,,,
237,2010,"$10,492,864",,,,
238,2012,"$8,807,923",,,,
239,2012,"$6,150,397",,,,
240,2009,"$7,967,309",,,,
241,2011,"$9,063,921",,,,
242,2011,"$10,422,075",,,,
243,2012,"$10,285,548",,,,
244,2010,"$9,400,603",,,,
245,2010,"$8,407,359",,,,
246,2000,"$9,875,708",,,,
247,2013,"$6,498,255",,,,
248,2004,"$10,838,442",,,,
249,2010,"$8,556,024",,,,
250,2010,"$8,891,038",,,,
251,2013,"$7,583,284",,,,
252,2011,"$7,427,781",,,,
253,2013,"$8,540,290",,,,
254,2014,"$7,223,567",,,,
255,2012,"$8,878,988",,,,
256,2011,"$9,106,110",,,,
257,2012,"$9,678,127",,,,
258,2011,"$6,152,561",,,,
259,2010,"$11,468,968",,,,
260,2010,"$8,732,985",,,,
261,2013,"$5,753,213",,,,
262,2014,"$8,368,125",,,,
263,2013,"$5,014,465",,,,
264,2011,"$6,932,467",,,,
265,2011,"$9,536,474",,,,
266,2013,"$8,276,019",,,,
267,2014,"$6,340,280",,,,
268,2010,"$7,075,544",,,,
269,2011,"$7,826,433",,,,
270,2014,"$7,178,217",,,,
271,2011,"$10,784,955",,,,
272,2013,"$7,480,998",,,,
273,2011,"$9,237,032",,,,
274,2013,"$13,533,083",,,,
275,2009,"$10,429,629",,,,
276,2011,"$8,219,737",,,,
277,2011,"$10,236,594",,,,
278,2011,"$5,691,853",,,,
279,2002,"$9,834,143",,,,
280,2000,"$8,397,677",,,,
281,2011,"$11,086,524",,,,
282,2011,"$8,189,502",,,,
283,2010,"$12,507,074",,,,
284,2010,"$10,016,295",,,,
285,2000,"$8,440,576",,,,
286,2004,"$11,595,135",,,,
287,2012,"$6,219,995",,,,
288,2010,"$10,684,183",,,,
289,2012,"$5,720,259",,,,
290,2003,"$9,447,285",,,,
291,2010,"$7,165,092",,,,
292,2000,"$6,527,993",,,,
293,2014,"$7,200,055",,,,
294,2002,"$8,905,706",,,,
295,2013,"$7,975,996",,,,
296,2012,"$9,152,251",,,,
297,2011,"$9,530,025",,,,
298,2012,"$10,512,433",,,,
299,2011,"$8,006,959",,,,
300,2013,"$7,008,969",,,,
301,2010,"$9,604,261",,,,
302,2011,"$8,605,926",,,,
303,2013,"$8,326,486",,,,
304,2013,"$7,442,321",,,,
305,2010,"$10,855,879",,,,
306,2011,"$10,381,784",,,,
307,2009,"$11,211,911",,,,
308,2012,"$11,428,457",,,,
309,2003,"$7,187,775",,,,
310,2013,"$7,151,103",,,,
311,2009,"$9,055,025",,,,
312,2010,"$8,538,212",,,,
313,2012,"$9,886,455",,,,
314,2011,"$8,156,873",,,,
315,2008,"$6,848,690",,,,
316,2013,"$10,319,636",,,,
317,2011,"$8,662,253",,,,
318,1999,"$7,547,716",,,,
319,2013,"$8,597,264",,,,
320,2010,"$7,660,262",,,,
321,2009,"$13,239,282",,,,
322,2014,"$10,506,061",,,,
323,2003,"$4,657,494",,,,
324,2010,"$12,431,007",,,,
325,2013,"$9,636,801",,,,
326,2006,"$14,268,611",,,,
327,2011,"$5,436,616",,,,
328,2006,"$11,150,781",,,,
329,2010,"$5,882,233",,,,
330,2009,"$11,917,473",,,,
331,2014,"$11,117,455",,,,
332,2007,"$10,344,138",,,,
333,2013,"$10,120,892",,,,
334,2012,"$10,925,194",,,,
335,2012,"$6,449,228",,,,
336,2005,"$10,386,159",,,,
337,2013,"$9,536,892",,,,
338,2002,"$9,264,750",,,,
339,2011,"$10,240,158",,,,
340,2010,"$8,239,229",,,,
341,2011,"$8,634,427",,,,
342,2011,"$9,681,671",,,,
343,2010,"$11,006,002",,,,
344,2012,"$9,219,294",,,,
345,2009,"$7,575,221",,,,
346,2004,"$7,835,460",,,,
347,2011,"$7,277,511",,,,
348,2010,"$8,016,385",,,,
349,2013,"$10,228,294",,,,
350,2010,"$9,382,124",,,,
351,2010,"$12,683,504",,,,
352,2012,"$4,454,455",,,,
353,2012,"$10,216,792",,,,
354,2010,"$7,837,545",,,,
355,2013,"$7,892,566",,,,
356,2014,"$8,557,193",,,,
357,2012,"$9,262,832",,,,
358,2012,"$11,710,706",,,,
359,2010,"$10,411,904",,,,
360,2012,"$8,591,445",,,,
361,2013,"$6,133,739",,,,
362,2013,"$13,535,564",,,,
363,2012,"$10,013,931",,,,
364,2006,"$10,218,547",,,,
365,2009,"$9,559,177",,,,
366,2011,"$11,942,061",,,,
367,2013,"$9,593,898",,,,
368,2009,"$10,923,981",,,,
369,2011,"$10,339,798",,,,
370,2009,"$11,817,252",,,,
371,2013,"$9,919,200",,,,
372,2014,"$8,090,625",,,,
373,2011,"$11,870,344",,,,
374,2000,"$10,868,249",,,,
375,2010,"$10,574,342",,,,
376,2007,"$10,692,411",,,,
377,2014,"$9,349,818",,,,
378,2011,"$10,729,022",,,,
379,2013,"$9,695,169",,,,
380,2010,"$9,687,894",,,,
381,2009,"$15,229,411",,,,
382,2014,"$6,892,054",,,,
383,2014,"$2,835,717",,,,
384,2014,"$11,725,679",,,,
385,2010,"$8,098,201",,,,
386,2003,"$9,810,312",,,,
387,2003,"$10,461,526",,,,
388,2012,"$10,562,149",,,,
389,2013,"$10,091,431",,,,
390,2010,"$6,473,628",,,,
391,2013,"$7,491,026",,,,
392,2010,"$8,010,737",,,,
393,2011,"$7,939,309",,,,
394,2011,"$8,542,417",,,,
395,2003,"$11,295,163",,,,
396,2012,"$5,724,413",,,,
397,2002,"$10,246,854",,,,
398,2014,"$4,484,095",,,,
399,2014,"$7,846,678",,,,
400,2013,"$8,841,808",,,,
401,2014,"$11,916,828",,,,
402,2009,"$7,783,326",,,,
403,2010,"$8,380,367",,,,
404,2012,"$11,093,094",,,,
405,2002,"$5,890,468",,,,
406,2010,"$10,894,633",,,,
407,2011,"$5,793,626",,,,
408,2010,"$11,360,700",,,,
409,2001,"$8,731,776",,,,
410,2011,"$8,246,052",,,,
411,2013,"$10,470,309",,,,
412,2010,"$9,959,049",,,,
413,2010,"$10,768,818",,,,
414,2010,"$8,011,063",,,,
415,2011,"$4,955,439",,,,
416,2001,"$9,489,161",,,,
417,2010,"$11,864,251",,,,
418,2010,"$11,682,563",,,,
419,2010,"$8,662,984",,,,
420,2014,"$10,893,126",,,,
421,2013,"$7,322,286",,,,
422,2000,"$7,736,129",,,,
423,2014,"$8,596,885",,,,
424,2009,"$7,079,562",,,,
425,2010,"$8,713,642",,,,
426,2009,"$11,548,371",,,,
427,2012,"$11,076,187",,,,
428,2010,"$9,910,197",,,,
429,2007,"$9,681,921",,,,
430,2012,"$10,626,672",,,,
431,2012,"$9,552,889",,,,
432,2012,"$12,988,345",,,,
433,2011,"$7,635,521",,,,
434,2010,"$9,885,103",,,,
435,2010,"$9,528,495",,,,
436,2014,"$12,691,389",,,,
437,2012,"$7,166,127",,,,
438,2013,"$10,643,314",,,,
439,2011,"$7,307,498",,,,
440,2012,"$6,879,063",,,,
441,2011,"$7,510,279",,,,
442,2011,"$7,981,288",,,,
443,2011,"$11,592,541",,,,
444,2010,"$8,838,341",,,,
445,2014,"$5,449,870",,,,
446,2008,"$7,882,726",,,,
447,2009,"$10,924,846",,,,
448,2003,"$10,393,471",,,,
449,2013,"$9,346,039",,,,
450,2010,"$7,966,060",,,,
451,2009,"$7,664,063",,,,
452,2013,"$9,965,955",,,,
453,2014,"$8,910,974",,,,
454,2010,"$11,192,435",,,,
455,2012,"$6,092,909",,,,
456,2013,"$7,853,705",,,,
457,2013,"$6,662,326",,,,
458,2009,"$3,367,964",,,,
459,2013,"$12,133,832",,,,
460,2011,"$10,705,546",,,,
461,2011,"$9,998,905",,,,
462,2013,"$8,174,843",,,,
463,2011,"$7,985,018",,,,
464,2014,"$9,003,330",,,,
465,2010,"$6,681,594",,,,
466,2011,"$9,727,740",,,,
467,2012,"$10,489,660",,,,
468,2010,"$10,699,395",,,,
469,2011,"$7,112,290",,,,
470,2010,"$5,977,212",,,,
471,2008,"$4,675,145",,,,
472,2009,"$8,978,177",,,,
473,2010,"$8,011,611",,,,
474,2013,"$9,920,255",,,,
475,2014,"$10,490,500",,,,
476,2013,"$8,333,540",,,,
477,2005,"$6,140,424",,,,
478,2012,"$10,416,309",,,,
479,2011,"$3,765,092",,,,
480,2003,"$10,834,605",,,,
481,2013,"$9,187,836",,,,
482,2009,"$10,380,676",,,,
483,2013,"$9,599,201",,,,
484,2014,"$10,278,001",,,,
485,2010,"$7,740,138",,,,
486,2010,"$9,487,305",,,,
487,2012,"$5,872,470",,,,
488,2012,"$11,004,547",,,,
489,2010,"$7,354,077",,,,
490,2012,"$9,737,924",,,,
491,2012,"$8,298,584",,,,
492,2012,"$8,608,984",,,,
493,2013,"$8,522,265",,,,
494,2010,"$8,884,717",,,,
495,2011,"$8,032,072",,,,
496,2011,"$9,444,652",,,,
497,2011,"$6,265,705",,,,
498,2014,"$6,059,870",,,,
499,2012,"$8,844,903",,,,
500,2014,"$5,670,158",,,,
501,2011,"$12,352,262",,,,
502,2014,"$7,262,552",,,,
503,2013,"$7,334,119",,,,
504,2014,"$5,041,969",,,,
505,2011,"$7,933,685",,,,
506,2011,"$8,304,318",,,,
507,2012,"$10,861,214",,,,
508,2009,"$8,826,668",,,,
509,2009,"$6,603,581",,,,
510,2011,"$7,716,841",,,,
511,2011,"$5,462,149",,,,
512,2011,"$8,587,453",,,,
513,2011,"$16,810,051",,,,
514,2011,"$12,398,856",,,,
515,2010,"$8,583,182",,,,
516,2010,"$10,067,070",,,,
517,2004,"$8,893,688",,,,
518,2011,"$8,163,038",,,,
519,2013,"$7,159,824",,,,
520,2010,"$8,625,292",,,,
521,2011,"$9,837,182",,,,
522,2011,"$10,056,895",,,,
523,2011,"$10,618,249",,,,
524,2010,"$7,599,716",,,,
525,2013,"$12,998,017",,,,
526,2014,"$7,914,059",,,,
527,2010,"$8,125,954",,,,
528,2012,"$5,463,765",,,,
529,2012,"$12,902,156",,,,
530,2008,"$12,010,460",,,,
531,2010,"$10,744,688",,,,
532,2012,"$8,836,312",,,,
533,2014,"$10,501,869",,,,
534,2013,"$8,527,366",,,,
535,2012,"$9,164,883",,,,
536,2009,"$9,127,759",,,,
537,2012,"$8,328,300",,,,
538,2010,"$9,996,205",,,,
539,2012,"$9,426,850",,,,
540,2012,"$9,867,522",,,,
541,2009,"$7,501,734",,,,
542,2014,"$7,323,171",,,,
543,2013,"$8,221,812",,,,
544,2013,"$11,533,498",,,,
545,2010,"$7,708,852",,,,
546,2013,"$8,595,812",,,,
547,2012,"$7,646,748",,,,
548,2010,"$8,330,996",,,,
549,2010,"$9,295,571",,,,
550,2012,"$6,759,409",,,,
551,2011,"$8,022,421",,,,
552,2010,"$7,775,650",,,,
553,2011,"$10,885,081",,,,
554,2010,"$10,926,954",,,,
555,2010,"$9,401,138",,,,
556,2011,"$8,744,404",,,,
557,2009,"$12,729,198",,,,
558,2011,"$10,896,887",,,,
559,2013,"$8,609,334",,,,
560,2006,"$6,324,593",,,,
561,2011,"$7,023,857",,,,
562,2007,"$5,804,178",,,,
563,2013,"$11,835,820",,,,
564,2010,"$7,914,631",,,,
565,2013,"$6,773,124",,,,
566,2009,"$8,427,020",,,,
567,2010,"$5,331,296",,,,
568,2008,"$9,827,577",,,,
569,1999,"$6,014,864",,,,
570,2008,"$9,867,551",,,,
571,2014,"$9,361,118",,,,
572,2009,"$5,356,147",,,,
573,2011,"$8,062,368",,,,
574,2012,"$5,215,835",,,,
575,2013,"$7,290,681",,,,
576,2012,"$9,779,555",,,,
577,2001,"$7,713,148",,,,
578,2012,"$7,747,378",,,,
579,2010,"$7,712,287",,,,
580,2011,"$7,143,212",,,,
581,2010,"$6,810,094",,,,
582,2010,"$8,860,540",,,,
583,2012,"$10,883,703",,,,
584,2011,"$10,683,527",,,,
585,2014,"$10,245,078",,,,
586,2009,"$4,723,332",,,,
587,2001,"$8,462,731",,,,
588,2012,"$7,819,708",,,,
589,2010,"$10,172,151",,,,
590,2011,"$9,274,105",,,,
591,2011,"$7,156,172",,,,
592,2011,"$8,315,626",,,,
593,2013,"$12,011,988",,,,
594,2014,"$11,460,205",,,,
595,2011,"$8,982,358",,,,
596,2009,"$11,609,079",,,,
597,2013,"$11,521,257",,,,
598,2009,"$8,928,801",,,,
599,2012,"$10,172,365",,,,
600,2014,"$7,760,145",,,,
601,2012,"$11,561,482",,,,
602,2009,"$8,275,051",,,,
603,2014,"$9,127,416",,,,
604,2009,"$11,765,508",,,,
605,2010,"$8,699,080",,,,
606,2002,"$8,284,587",,,,
607,2009,"$12,386,572",,,,
608,2014,"$8,525,469",,,,
609,2007,"$9,633,734",,,,
610,2004,"$8,340,094",,,,
611,2010,"$8,109,837",,,,
612,2012,"$9,845,857",,,,
613,2012,"$8,811,825",,,,
614,2012,"$13,880,376",,,,
615,2010,"$6,040,353",,,,
616,2012,"$6,459,796",,,,
617,2010,"$14,102,177",,,,
618,2010,"$10,665,972",,,,
619,2012,"$8,157,679",,,,
620,1999,"$10,090,617",,,,
621,1999,"$8,398,615",,,,
622,2012,"$7,000,187",,,,
623,2005,"$4,691,133",,,,
624,2014,"$8,818,759",,,,
625,2009,"$9,354,655",,,,
626,2009,"$13,472,152",,,,
627,2014,"$6,017,023",,,,
628,2011,"$7,203,337",,,,
629,2004,"$10,651,954",,,,
630,2011,"$9,121,713",,,,
631,2012,"$9,039,118",,,,
632,2012,"$7,914,722",,,,
633,2009,"$9,321,475",,,,
634,2010,"$8,669,802",,,,
635,2007,"$9,911,499",,,,
636,2012,"$10,175,412",,,,
637,2010,"$9,754,057",,,,
638,2014,"$13,849,334",,,,
639,2014,"$7,336,228",,,,
640,2011,"$10,297,395",,,,
641,2001,"$8,498,414",,,,
642,2012,"$7,577,637",,,,
643,2004,"$9,901,620",,,,
644,2010,"$9,861,652",,,,
645,2014,"$7,145,863",,,,
646,2009,"$12,330,107",,,,
647,2013,"$5,557,477",,,,
648,2010,"$6,985,440",,,,
649,2010,"$9,514,605",,,,
650,2011,"$6,957,904",,,,
651,2012,"$10,007,429",,,,
652,2013,"$10,064,297",,,,
653,2013,"$8,720,504",,,,
654,2005,"$10,379,242",,,,
655,2012,"$11,909,917",,,,
656,2010,"$8,241,404",,,,
657,2013,"$7,110,958",,,,
658,2011,"$7,936,183",,,,
659,2009,"$9,732,370",,,,
660,2014,"$9,792,271",,,,
661,2014,"$9,976,025",,,,
662,2008,"$8,749,447",,,,
663,2012,"$8,271,016",,,,
664,2013,"$9,542,792",,,,
665,2013,"$9,043,049",,,,
666,2010,"$11,067,223",,,,
667,2007,"$8,108,370",,,,
668,2013,"$9,366,416",,,,
669,2007,"$5,422,083",,,,
670,2011,"$9,116,942",,,,
671,2013,"$7,307,945",,,,
672,2002,"$10,115,274",,,,
673,2009,"$14,732,950",,,,
674,2011,"$7,389,236",,,,
675,2011,"$10,036,466",,,,
676,2011,"$8,133,037",,,,
677,2010,"$8,887,503",,,,
678,2014,"$9,215,508",,,,
679,2009,"$8,157,191",,,,
680,2011,"$10,253,911",,,,
681,2000,"$9,954,471",,,,
682,2009,"$4,944,083",,,,
683,2013,"$9,735,773",,,,
684,2002,"$10,999,283",,,,
685,2005,"$7,923,324",,,,
686,2011,"$11,973,937",,,,
687,2014,"$6,574,546",,,,
688,2011,"$9,214,598",,,,
689,2011,"$10,292,359",,,,
690,2002,"$8,727,308",,,,
691,2013,"$10,236,793",,,,
692,2011,"$7,859,828",,,,
693,2011,"$7,950,947",,,,
694,2009,"$6,397,853",,,,
695,2012,"$9,144,082",,,,
696,2013,"$11,282,386",,,,
697,2002,"$9,187,956",,,,
698,2011,"$10,299,827",,,,
699,2011,"$12,232,951",,,,
700,2009,"$8,186,376",,,,
701,2009,"$9,015,238",,,,
702,2013,"$6,241,039",,,,
703,2010,"$11,210,858",,,,
704,2002,"$3,487,835",,,,
705,2010,"$9,662,083",,,,
706,2012,"$10,878,578",,,,
707,2012,"$4,885,117",,,,
708,2010,"$11,188,123",,,,
709,2011,"$11,000,642",,,,
710,2010,"$9,768,948",,,,
711,2009,"$4,679,890",,,,
712,2012,"$12,046,982",,,,
713,2013,"$6,801,629",,,,
714,2001,"$10,848,453",,,,
715,2010,"$7,376,103",,,,
716,2005,"$11,337,321",,,,
717,2011,"$7,048,954",,,,
718,2012,"$8,047,541",,,,
719,2012,"$9,969,793",,,,
720,2011,"$7,205,547",,,,
721,2012,"$5,042,352",,,,
722,2011,"$7,989,604",,,,
723,2012,"$10,108,405",,,,
724,2010,"$10,104,143",,,,
725,2011,"$9,524,049",,,,
726,2009,"$13,569,437",,,,
727,2012,"$6,980,428",,,,
728,2014,"$8,827,387",,,,
729,2002,"$9,724,730",,,,
730,2001,"$6,682,551",,,,
731,2011,"$9,790,903",,,,
732,2009,"$7,840,239",,,,
733,2013,"$7,514,080",,,,
734,2014,"$11,927,694",,,,
735,2010,"$6,892,921",,,,
736,2011,"$9,658,548",,,,
737,2011,"$10,146,902",,,,
738,2011,"$7,247,815",,,,
739,2011,"$7,016,449",,,,
740,2011,"$11,620,304",,,,
741,2011,"$9,044,669",,,,
742,2011,"$8,369,263",,,,
743,2010,"$12,851,856",,,,
744,2011,"$9,731,618",,,,
745,2014,"$9,548,810",,,,
746,2013,"$11,814,975",,,,
747,2011,"$9,826,723",,,,
748,2011,"$4,095,195",,,,
749,2013,"$7,496,334",,,,
750,2010,"$10,042,479",,,,
751,2011,"$5,503,230",,,,
752,2010,"$10,397,767",,,,
753,2009,"$5,702,051",,,,
754,2011,"$6,981,026",,,,
755,2008,"$9,134,076",,,,
756,2009,"$13,003,637",,,,
757,2011,"$9,830,237",,,,
758,2013,"$5,718,760",,,,
759,2011,"$10,530,777",,,,
760,2002,"$11,435,362",,,,
761,2012,"$8,574,593",,,,
762,2014,"$9,984,255",,,,
763,2012,"$7,861,101",,,,
764,2013,"$7,686,484",,,,
765,2010,"$10,239,915",,,,
766,2006,"$9,479,116",,,,
767,2011,"$9,503,959",,,,
768,2011,"$10,544,309",,,,
769,2011,"$9,375,557",,,,
770,2011,"$8,025,209",,,,
771,2014,"$11,490,135",,,,
772,2011,"$11,999,542",,,,
773,2012,"$7,875,855",,,,
774,2013,"$10,687,897",,,,
775,2012,"$11,525,727",,,,
776,2004,"$7,020,223",,,,
777,2012,"$10,139,870",,,,
778,2011,"$12,263,253",,,,
779,2010,"$8,456,970",,,,
780,2003,"$10,771,339",,,,
781,2012,"$9,705,673",,,,
782,2012,"$11,671,478",,,,
783,2013,"$6,146,640",,,,
784,2011,"$4,844,389",,,,
785,2012,"$7,273,495",,,,
786,2002,"$6,047,509",,,,
787,2010,"$12,367,661",,,,
788,2010,"$8,116,526",,,,
789,2010,"$6,129,971",,,,
790,1999,"$5,865,323",,,,
791,2012,"$11,043,821",,,,
792,2009,"$7,748,179",,,,
793,2006,"$10,008,935",,,,
794,2012,"$7,338,571",,,,
795,2011,"$10,190,851",,,,
796,2013,"$9,649,797",,,,
797,2010,"$11,078,804",,,,
798,2000,"$9,398,668",,,,
799,2013,"$8,703,595",,,,
800,2013,"$9,006,369",,,,
801,2012,"$8,151,016",,,,
802,2012,"$10,954,009",,,,
803,2007,"$8,942,107",,,,
804,2012,"$8,311,364",,,,
805,2007,"$7,308,411",,,,
806,2012,"$5,894,152",,,,
807,2009,"$7,750,699",,,,
808,2013,"$7,463,326",,,,
809,2000,"$13,712,279",,,,
810,2009,"$8,222,254",,,,
811,2011,"$6,687,380",,,,
812,2012,"$10,299,965",,,,
813,2012,"$8,131,491",,,,
814,2000,"$7,697,469",,,,
815,2009,"$9,515,666",,,,
816,2012,"$8,758,326",,,,
817,2004,"$11,494,180",,,,
818,2011,"$9,723,829",,,,
819,2005,"$8,798,281",,,,
820,2014,"$8,445,834",,,,
821,2012,"$5,275,078",,,,
822,2011,"$12,399,630",,,,
823,2011,"$11,666,249",,,,
824,2011,"$7,168,272",,,,
825,2014,"$9,169,187",,,,
826,2013,"$8,766,714",,,,
827,2013,"$7,141,472",,,,
828,2005,"$8,087,059",,,,
829,2009,"$9,642,189",,,,
830,2010,"$2,631,235",,,,
831,2011,"$11,917,213",,,,
832,2010,"$7,713,376",,,,
833,2012,"$7,475,092",,,,
834,2013,"$9,926,310",,,,
835,2012,"$9,898,505",,,,
836,2009,"$4,637,647",,,,
837,2013,"$8,100,136",,,,
838,2012,"$8,736,305",,,,
839,2010,"$6,756,153",,,,
840,2000,"$11,215,145",,,,
841,2013,"$5,998,941",,,,
842,2009,"$8,923,310",,,,
843,2012,"$7,165,221",,,,
844,2011,"$7,223,463",,,,
845,2010,"$9,897,384",,,,
846,2011,"$6,788,469",,,,
847,2011,"$9,974,454",,,,
848,2011,"$8,047,084",,,,
849,2010,"$11,221,821",,,,
850,2013,"$7,506,219",,,,
851,2013,"$11,764,441",,,,
852,2001,"$9,426,357",,,,
853,2014,"$9,775,286",,,,
854,2010,"$9,053,058",,,,
855,2012,"$12,576,493",,,,
856,2014,"$7,274,544",,,,
857,2014,"$7,181,921",,,,
858,2013,"$8,709,591",,,,
859,2013,"$11,941,632",,,,
860,2011,"$9,614,064",,,,
861,2010,"$9,375,526",,,,
862,2013,"$8,914,162",,,,
863,2013,"$9,525,187",,,,
864,2004,"$7,894,933",,,,
865,2013,"$12,242,397",,,,
866,2007,"$8,830,547",,,,
867,2010,"$9,620,121",,,,
868,2011,"$8,065,626",,,,
869,2012,"$13,121,872",,,,
870,2009,"$6,554,612",,,,
871,2011,"$6,834,183",,,,
872,2010,"$6,858,282",,,,
873,2013,"$7,624,263",,,,
874,2010,"$7,371,888",,,,
875,2011,"$11,486,747",,,,
876,2006,"$7,622,170",,,,
877,2010,"$5,577,373",,,,
878,2012,"$4,419,277",,,,
879,2000,"$8,394,130",,,,
880,2005,"$13,628,926",,,,
881,2003,"$8,510,889",,,,
882,2011,"$15,188,113",,,,
883,2011,"$7,127,742",,,,
884,2010,"$10,163,562",,,,
885,2009,"$9,730,457",,,,
886,2013,"$10,763,212",,,,
887,2011,"$8,293,498",,,,
888,2013,"$5,673,115",,,,
889,2011,"$6,300,572",,,,
890,2006,"$10,875,181",,,,
891,2012,"$11,580,398",,,,
892,2010,"$6,874,728",,,,
893,2010,"$8,987,881",,,,
894,2012,"$10,651,148",,,,
895,2010,"$8,368,302",,,,
896,2005,"$9,751,833",,,,
897,2012,"$6,092,674",,,,
898,2012,"$8,873,078",,,,
899,2001,"$6,842,694",,,,
900,2013,"$12,506,421",,,,
901,2010,"$6,426,676",,,,
902,2012,"$8,939,613",,,,
903,2012,"$8,589,862",,,,
904,2012,"$12,663,541",,,,
905,2014,"$9,864,586",,,,
906,2014,"$10,581,245",,,,
907,2014,"$7,253,811",,,,
908,2011,"$7,538,439",,,,
909,2000,"$10,417,062",,,,
910,2014,"$4,528,393",,,,
911,2013,"$11,094,661",,,,
912,2014,"$11,851,513",,,,
913,2013,"$11,002,468",,,,
914,2010,"$7,707,035",,,,
915,2013,"$4,477,734",,,,
916,2012,"$12,164,116",,,,
917,2000,"$8,522,561",,,,
918,2010,"$9,884,270",,,,
919,2013,"$16,100,762",,,,
920,2013,"$9,852,788",,,,
921,2012,"$9,646,815",,,,
922,2009,"$9,028,550",,,,
923,2006,"$6,439,391",,,,
924,2012,"$12,247,618",,,,
925,2013,"$5,925,070",,,,
926,2012,"$9,176,783",,,,
927,2010,"$8,475,310",,,,
928,2013,"$12,697,081",,,,
929,2010,"$7,156,227",,,,
930,2014,"$7,791,846",,,,
931,2007,"$8,112,482",,,,
932,2012,"$10,114,086",,,,
933,2013,"$15,312,302",,,,
934,2014,"$5,708,327",,,,
935,2004,"$7,642,133",,,,
936,2013,"$8,457,045",,,,
937,2010,"$8,000,248",,,,
938,2012,"$11,059,461",,,,
939,2012,"$10,614,892",,,,
940,2001,"$11,398,400",,,,
941,2013,"$9,467,051",,,,
942,2012,"$10,547,041",,,,
943,2013,"$9,770,892",,,,
944,2012,"$8,394,340",,,,
945,2011,"$7,780,800",,,,
946,2011,"$9,153,970",,,,
947,2013,"$8,214,550",,,,
948,2009,"$7,854,033",,,,
949,2011,"$8,174,923",,,,
950,2013,"$10,213,365",,,,
951,2011,"$9,987,136",,,,
952,2013,"$6,899,304",,,,
953,2011,"$10,512,763",,,,
954,2010,"$7,243,036",,,,
955,2010,"$10,542,009",,,,
956,2009,"$8,786,459",,,,
957,2013,"$10,213,584",,,,
958,2014,"$8,725,745",,,,
959,2010,"$10,611,567",,,,
960,2013,"$8,998,948",,,,
961,2010,"$8,735,169",,,,
962,2014,"$8,111,134",,,,
963,2009,"$7,239,406",,,,
964,2009,"$8,543,321",,,,
965,2010,"$9,709,908",,,,
966,2014,"$9,366,573",,,,
967,2011,"$10,072,452",,,,
968,2012,"$9,436,737",,,,
969,2013,"$9,673,934",,,,
970,2012,"$8,042,933",,,,
971,2012,"$9,018,702",,,,
972,2007,"$8,498,464",,,,
973,2011,"$9,305,615",,,,
974,2012,"$12,251,296",,,,
975,2012,"$11,146,689",,,,
976,2013,"$10,637,944",,,,
977,2008,"$14,146,990",,,,
978,2012,"$11,262,614",,,,
979,2009,"$10,197,161",,,,
980,2012,"$6,739,499",,,,
981,2010,"$13,970,069",,,,
982,2010,"$10,089,903",,,,
983,2013,"$6,161,386",,,,
984,2010,"$9,511,235",,,,
985,2010,"$9,078,519",,,,
986,2013,"$12,359,532",,,,
987,2011,"$5,576,014",,,,
988,2001,"$7,173,712",,,,
989,2012,"$9,654,196",,,,
990,2008,"$9,380,077",,,,
991,2014,"$10,019,551",,,,
992,2014,"$8,312,364",,,,
993,2009,"$7,919,278",,,,
994,2012,"$8,624,949",,,,
995,2009,"$10,407,450",,,,
996,2009,"$9,144,857",,,,
997,2011,"$9,134,728",,,,
998,2010,"$12,387,130",,,,
999,2012,"$9,849,519",,,,
1000,2011,"$6,949,706",,,,
