ID,Name,Revenue2015,Expenses2015,Profit2015,Growth2015,Revenue2014,Expenses2014,Profit2014,Growth2014,Revenue2013,Expenses2013,Profit2013
1,Over-Hex,10684527,1130700,9553827,334%,2463739,194748,2268991,410%,483086,43394,439692
2,Unimattax,9016543,804035,8212507,65%,5448571,239227,5209344,41%,3864235,91714,3772520
3,Lexila,12456642,2149297,10307345,520%,2007778,335127,1672651,423%,383896,112257,271639
4,Greenfax,7746272,1044375,6701897,317%,1857830,247049,1610781,56%,1190917,625443,565474
5,Saoace,10725585,2694644,8030941,312%,2604017,615041,1988976,239%,768147,222963,545184
6,Donplus,7798447,3206652,4591796,560%,1180753,497981,682772,367%,252838,105372,147466
7,Blacklane,10359369,4631808,5727561,564%,1559705,771343,788362,622%,216026,98255,117770
8,Toughtam,8501568,371849,8129720,267%,2319207,117793,2201414,30%,1784005,258266,1525739
9,Zimlane,6329644,1716657,4612987,323%,1496864,503288,993576,199%,500623,111856,388768
10,Quotelane,9227504,3282018,5945486,400%,1844478,647674,1196804,493%,311042,122126,188916
11,Ganzzap,6836807,6515505,321302,313%,1656470,2400796,-744326,118%,759849,15012814,-14252965
12,Yearflex,9567910,4374841,5193069,451%,1735446,646445,1089001,283%,453119,130333,322786
13,Indigoplanet,7805452,4626275,3179177,488%,1328154,785729,542425,352%,293839,136206,157633
14,Indigoholding,9812558,4684563,5127995,439%,1820544,1192543,628001,359%,396633,273652,122980
15,Lexinamex,13058157,4403888,8654269,372%,2765577,718235,2047342,368%,590935,145540,445395
16,Treslam,3387469,4127984,-740514,354%,746714,756530,-9816,279%,197022,250006,-52984
17,O-Tindax,6747855,2343975,4403879,378%,1412877,762646,650231,484%,241931,139799,102132
18,Doublelane,9526170,3633057,5893113,393%,1934156,770915,1163241,369%,412400,147343,265057
19,Rednimdox,7305865,3601877,3703988,261%,2026435,650984,1375451,194%,689264,171742,517521
20,Lamtone,6757018,6482465,274552,439%,1252860,1446341,-193481,379%,261557,459341,-197783
21,Geocom,9442768,4380961,5061807,563%,1423331,593894,829437,514%,231813,134113,97700
22,Stripfind,10329371,2916455,7412916,305%,2550629,753450,1797179,247%,735052,245291,489761
23,Canecorporation,10597009,5591189,5005820,426%,2013864,1081023,932841,347%,450529,350511,100017
24,Cankix,8719723,2513917,6205806,301%,2173758,674560,1499198,423%,415633,103289,312343
25,Mattouch,9026934,7429377,1597557,517%,1463948,1425399,38549,470%,256833,326466,-69633
26,Physgreen,10376897,2724847,7652049,470%,1821763,539674,1282089,280%,479411,209653,269758
27,Cantonlux,9922155,1888735,8033420,419%,1913577,611165,1302413,426%,363798,159327,204471
28,Techdrill,10573990,5435363,5138627,470%,1853910,1162004,691906,396%,373772,439251,-65479
29,Techline,8898119,5470303,3427816,361%,1929122,1052714,876408,375%,406131,209791,196340
30,Ganzhouse,13877423,5878552,7998871,286%,3595257,3212713,382544,176%,1302629,2602738,-1300109
31,Cityace,9254614,4249498,5005116,591%,1339326,576382,762944,429%,253181,110301,142879
32,Tres-How,7028880,2870973,4157907,356%,1542352,669964,872388,324%,363762,205639,158123
33,Domphase,7361116,4029600,3331516,469%,1293727,582756,710971,387%,265652,112143,153509
34,Kayelectronics,9451943,1878113,7573830,339%,2150996,599590,1551406,337%,492219,99581,392637
35,Ganzlax,9001180,5480069,3521111,439%,1671118,1175840,495278,600%,238731,190748,47983
36,Trantraxlax,11088336,4635276,6453059,492%,1873165,691999,1181166,268%,509012,143100,365912
37,Silicon-Hex,8442982,4760362,3682620,391%,1719257,852394,866863,389%,351586,151058,200529
38,E-Zim,8746451,4762319,3984131,284%,2275641,4002427,-1726786,186%,795679,1305556,-509878
39,Daltfase,11410628,6196409,5214219,375%,2403255,1374611,1028644,258%,671300,817467,-146167
40,Alphalex,9423617,2248331,7175285,278%,2492833,631354,1861479,269%,675565,208893,466672
41,Ozerholdings,7411035,5207964,2203071,491%,1254112,935273,318839,418%,242107,245455,-3349
42,Subflex,11205063,4368200,6836863,420%,2153863,893934,1259929,325%,506791,251451,255341
43,Hotlane,7978332,4686574,3291759,307%,1959385,1149865,809520,322%,464309,321488,142821
44,Salttrans,7346281,3298690,4047591,708%,908734,493551,415183,700%,113592,61805,51787
45,Lathotline,9418303,7567233,1851070,494%,1586606,930607,655999,533%,250649,137654,112994
46,E-Care,8365394,5976073,2389321,546%,1295938,1298166,-2228,611%,182270,153626,28644
47,Opedrill,7789730,2039850,5749880,332%,1804959,568643,1236316,407%,356008,62508,293500
48,Lambam,6950148,4365512,2584636,488%,1181888,711255,470633,417%,228605,136788,91817
49,Quotedax,8984621,6227869,2756752,264%,2468524,2150962,317562,266%,674460,409337,265123
50,Cityla,6104275,5135359,968916,406%,1205880,983735,222145,413%,235064,202147,32917
51,Quotecity,10878837,3974483,6904353,584%,1591351,563123,1028228,620%,221021,71004,150017
52,Vaia-Dax,10345435,4113502,6231933,278%,2740337,1291501,1448836,64%,1670937,711398,959540
53,Zimkeyfind,6732003,7459279,-727276,251%,1918791,1709045,209746,167%,718648,1422732,-704084
54,Quozap,9304480,7019973,2284507,353%,2054688,2186711,-132023,363%,443777,514816,-71039
55,Medunoway,9849067,1454546,8394521,390%,2010861,232999,1777862,348%,448853,48280,400573
56,Tampware,9785982,2910756,6875225,429%,1848861,696479,1152382,448%,337383,135908,201476
57,Tindex,12159973,4909604,7250368,427%,2307883,818142,1489741,296%,582799,187469,395330
58,Dalthow,10800718,5731820,5068898,418%,2086547,941780,1144767,491%,353054,137316,215738
59,Scotphase,8069233,6229960,1839273,239%,2376940,2912611,-535671,265%,651216,593217,57999
60,Ranktech,10515557,6439384,4076173,408%,2068148,1357757,710391,598%,296296,203549,92747
61,Gogotax,5653905,6877747,-1223842,593%,815551,867617,-52066,500%,135925,122477,13449
62,Unadex,6231275,2388521,3842755,542%,971159,402957,568202,415%,188575,70282,118293
63,Haycorporation,10212233,394323,9817910,175%,3710641,591306,3119335,123%,1663965,270941,1393024
64,Groovecane,6811168,3560343,3250824,404%,1350152,954256,395896,372%,286049,186874,99176
65,Funrantex,10609756,963096,9646660,229%,3225712,195914,3029798,205%,1057610,58335,999275
66,Tambase,10141817,2394135,7747682,427%,1923163,468269,1454894,425%,366317,68358,297959
67,Georedfase,8165222,810126,7355096,487%,1391728,111040,1280688,408%,273962,16757,257205
68,Konktraxbam,12504780,4682545,7822235,406%,2471295,915291,1556004,439%,458496,156077,302420
69,Stanquote,10421180,374816,10046364,430%,1967822,63250,1904572,457%,353289,13349,339940
70,Lexiholding,6595798,4917351,1678447,495%,1108284,609378,498906,406%,219028,162705,56323
71,Incon,12433991,1149020,11284971,361%,2694461,266690,2427771,357%,589598,64572,525025
72,Inconduo,8822677,714459,8108218,298%,2219506,173750,2045756,254%,626979,128540,498439
73,Mediahex,9772570,3685640,6086930,460%,1745387,573136,1172251,317%,418558,178160,240398
74,Triojob,7403633,667051,6736582,287%,1915218,255029,1660189,254%,541022,84395,456627
75,Quadice,5627074,1693553,3933521,620%,782062,312898,469164,509%,128417,56048,72370
76,Sanfan,12127885,3971036,8156848,520%,1956855,749855,1207000,387%,401818,146432,255387
77,D-Is,8374283,2857916,5516367,334%,1927397,644455,1282942,311%,468953,152272,316681
78,Latfan,8396546,1851054,6545492,417%,1625524,418702,1206822,467%,286689,66862,219827
79,Ining,11022415,1810516,9211899,441%,2038359,540791,1497568,475%,354497,89666,264831
80,D-Zoocare,7153440,4445885,2707554,557%,1089577,639290,450287,416%,211158,102880,108279
81,O-Dax,12919391,3666990,9252401,344%,2908423,753128,2155295,311%,707646,193921,513725
82,Solocone,12658910,4501133,8157777,343%,2857222,822602,2034620,327%,669139,646408,22730
83,Zun-Trax,7732190,4437655,3294535,255%,2177854,1563423,614431,162%,831242,569810,261432
84,Biotain,11642543,4781280,6861263,591%,1685613,737946,947667,478%,291629,123926,167702
85,Icezap,9235777,3361790,5873987,321%,2193796,654445,1539351,331%,509001,178653,330348
86,Newjofix,10339863,3415312,6924552,519%,1670845,578737,1092108,512%,273014,86010,187004
87,Opetechno,9898288,5885439,4012849,534%,1562148,1224817,337331,372%,330964,290325,40639
88,Zathline,9738858,4398323,5340535,335%,2239600,1002713,1236887,270%,605297,453630,151668
89,Ozer-Dox,9621471,4759243,4862227,395%,1945051,1473565,471486,308%,476728,317904,158824
90,Iscom,8027658,5221158,2806499,353%,1772083,920479,851604,480%,305532,129427,176105
91,Freshtechno,10603211,6075482,4527729,416%,2054449,950831,1103618,353%,453521,193507,260014
92,Istone,5424720,461975,4962745,477%,940274,87598,852676,276%,250073,21565,228508
93,Domtam,10795733,821994,9973739,508%,1776853,120039,1656814,412%,347042,22165,324877
94,Ganzgreen,6598854,4602002,1996852,356%,1448595,1025590,423005,297%,364885,186787,178098
95,Zamhouse,7543695,6561021,982674,339%,1717421,1221351,496070,464%,304507,354247,-49739
96,Openjocon,11374343,4273207,7101136,362%,2462478,861464,1601014,247%,709648,202321,507327
97,Trisity,6918290,6344372,573918,184%,2438295,1726809,711486,252%,692697,526439,166258
98,Planetice,10757724,4782077,5975646,261%,2979055,1187745,1791310,46%,2040449,1438568,601881
99,Canunoice,6978995,4814152,2164843,375%,1470433,1059672,410761,185%,515941,301011,214931
100,Villadox,8651649,1097353,7554297,554%,1322594,138479,1184115,555%,201923,23457,178466
101,Alphacane,5903763,5873666,30098,495%,992341,1112609,-120268,452%,179772,212534,-32762
102,Rankcone,6036944,8837188,-2800244,507%,994709,1393253,-398544,281%,261078,427510,-166431
103,Iceice,6352466,455581,5896885,352%,1406250,83441,1322809,353%,310430,20215,290215
104,Hex-Ity,11250184,5912242,5337942,439%,2085672,1302976,782696,364%,449498,275224,174274
105,Fixquadtech,8299901,4968474,3331428,375%,1746694,1230324,516370,157%,679647,1055314,-375666
106,Zonhigh,7723684,4498099,3225585,385%,1592562,1052952,539610,531%,252387,125429,126958
107,Mathcorporation,2663591,5507261,-2843670,406%,526760,1327354,-800594,431%,99202,265310,-166109
108,Toughway,11442136,5291056,6151079,357%,2505231,1032118,1473113,467%,441840,202470,239369
109,Bluetexon,7685910,8350913,-665002,395%,1552378,1466281,86097,311%,377708,326865,50843
110,Nimvivafind,9605855,4632247,4973608,334%,2215168,1003981,1211187,299%,555180,173591,381589
111,Eremenko,9445633,5162905,4282728,515%,1534906,908273,626633,588%,223097,99882,123215
112,Keycone,8951131,4213650,4737481,526%,1430213,674099,756114,581%,210017,130574,79443
113,Hot-Electrics,12214068,1412142,10801926,595%,1757183,194909,1562274,569%,262658,36652,226006
114,Namdom,9362411,2544307,6818104,251%,2664221,687435,1976786,171%,983107,831320,151787
115,Betais,7517507,4304315,3213192,454%,1356874,658366,698508,423%,259441,149844,109597
116,Tempbam,9980591,6089130,3891461,353%,2200825,1215680,985145,207%,716881,254423,462458
117,Goodhouse,9833220,5667425,4165795,388%,2014008,1423714,590294,414%,391830,202886,188944
118,Trisbam,7201918,1155786,6046132,256%,2020700,312437,1708263,230%,612333,293116,319217
119,Technoline,9069262,5346509,3722752,384%,1872336,1085267,787069,501%,311537,146749,164788
120,Biokaycane,9802438,5568391,4234048,450%,1782064,1341578,440486,546%,275861,252302,23559
121,Truelane,6071997,4171805,1900192,402%,1209910,627576,582334,287%,312638,193071,119568
122,Zimdex,4475874,2054338,2421536,553%,685090,283306,401784,485%,117109,36800,80309
123,Remedia,8687895,5578395,3109500,295%,2197037,2645889,-448852,338%,501607,673659,-172052
124,Sumzoomit,8429577,7703652,725925,369%,1797578,1610956,186622,353%,396816,246996,149821
125,Goodtex,13118996,8860686,4258310,354%,2886547,2735336,151211,370%,614159,744188,-130030
126,Ranquote,7147363,7206340,-58977,508%,1175494,1738027,-562533,428%,222631,303814,-81182
127,Zathtone,9953759,4069681,5884078,292%,2538462,1234516,1303946,305%,626781,294389,332392
128,Vivacode,9410642,4117102,5293540,445%,1726311,621375,1104936,517%,279791,133109,146682
129,Canesailfax,7806395,5364670,2441725,441%,1442919,915832,527087,351%,319938,197782,122156
130,Dongcom,12477085,2772159,9704926,386%,2569461,540997,2028464,407%,506797,88873,417924
131,Hatlane,8738360,6934957,1803402,306%,2150478,1525291,625187,189%,744110,696369,47741
132,Hexhouse,11221740,1885810,9335930,258%,3133558,370170,2763388,57%,1995897,180589,1815308
133,Jobzencane,8482411,2379903,6102508,368%,1811035,398437,1412598,237%,537399,135331,402068
134,Sailtech,5543509,4474647,1068862,382%,1149198,969300,179898,295%,290936,191396,99540
135,Vilacan,10916975,5973654,4943321,485%,1866971,1075281,791690,339%,425278,245576,179702
136,Stattechno,6619705,7082936,-463231,403%,1316414,1081421,234993,,,,
137,Conin,9903489,6042545,3860945,326%,2326748,943160,1383588,216%,736313,507344,228969
138,Vaiaelectronics,9055903,6349125,2706778,392%,1841425,1457792,383633,,,,
139,Donelectronics,8109638,2313289,5796349,347%,1814403,488652,1325751,,,,
140,Rezumfind,9024010,3101952,5922059,557%,1373449,378003,995446,345%,308640,92019,216621
141,Techitom,13245601,2667573,10578028,337%,3030532,573313,2457219,259%,844159,153895,690265
142,Bamtexon,12577936,4253254,8324681,321%,2989750,897522,2092228,218%,940173,188272,751901
143,Xx--Fase,9048981,3944877,5104104,437%,1684371,755853,928518,370%,358377,147442,210935
144,Spandom,9127163,3885106,5242057,460%,1628900,693573,935327,431%,306761,216204,90557
145,Zimstrip,5908577,3106150,2802427,213%,1890439,995087,895352,,,,
146,Stiming,4779076,594698,4184379,463%,848376,116134,732242,,,,
147,Tripplehow,8992759,5398172,3594588,374%,1896249,1338363,557886,314%,458031,336285,121747
148,E-Can,6218086,4958881,1259205,459%,1113058,585581,527477,383%,230447,212461,17986
149,Ganjadox,9834266,3615766,6218500,364%,2118017,558230,1559787,366%,454510,107767,346743
150,Volhouse,9359151,3627536,5731615,538%,1465945,538923,927022,778%,166964,71078,95886
151,Tonjob,6475261,4364775,2110486,318%,1548426,2154127,-605701,190%,533940,1471251,-937311
152,Flextone,8335149,4494384,3840765,469%,1464129,745167,718962,511%,239628,148696,90933
153,Hatelectronics,9145450,6303002,2842448,389%,1870672,1309552,561120,245%,542224,472897,69327
154,Roundgreen,7002832,2338663,4664169,297%,1763935,835312,928623,79%,985439,469296,516143
155,Lineity,8621837,1359224,7262613,535%,1357066,218228,1138838,578%,200157,32062,168096
156,Voyadexon,8913061,6763554,2149507,387%,1829183,2099255,-270072,235%,546025,492782,53243
157,Xn-Media,7863279,3975968,3887311,330%,1830316,1128461,701855,225%,563174,314940,248235
158,Drilldrill,8800620,2785799,6014821,560%,1333734,405324,928410,571%,198768,54586,144182
159,Tristone,11755980,3476281,8279699,467%,2071597,505497,1566100,356%,454298,198293,256004
160,Goodmatlab,8388784,3000548,5388236,465%,1483650,584574,899076,535%,233646,97422,136224
161,Streetelectrics,7418922,2890719,4528203,409%,1458580,737094,721486,366%,313000,156043,156957
162,Yeartechno,12883296,6664374,6218922,340%,2926729,1651804,1274925,355%,643237,379601,263637
163,Spanquadin,10820183,6501246,4318937,391%,2205226,1087054,1118172,277%,584941,339496,245444
164,Treeelectrics,12208678,4536775,7671903,464%,2164056,1017212,1146844,465%,383019,162279,220740
165,Tontam,7635932,7119416,516516,284%,1987821,1992515,-4694,62%,1227050,458859,768191
166,Ganjatam,11195183,5170147,6025037,256%,3145449,1342992,1802457,202%,1041539,1689509,-647970
167,Sumice,6697300,5654472,1042828,455%,1206056,1011813,194243,442%,222520,185375,37144
168,Hayit,8173550,3361841,4811709,242%,2386868,1754964,631904,350%,530415,475690,54725
169,Technostreet,4749094,6620301,-1871207,409%,932549,1147595,-215046,,,,
170,Haystreet,7161498,6702626,458872,392%,1455304,1353980,101324,428%,275626,336789,-61163
171,Contandax,9068409,2665065,6403345,357%,1984493,469542,1514951,,,,
172,Jayquote,9318364,1738822,7579542,237%,2768177,375159,2393018,267%,754272,99419,654853
173,Insaoplex,10992478,3355303,7637176,477%,1903822,484852,1418970,431%,358535,86806,271729
174,Vivaex,9398947,447105,8951842,269%,2548391,133007,2415384,118%,1168987,67614,1101373
175,Vivadom,6190812,3656514,2534298,250%,1770023,1329169,440854,269%,479681,329638,150043
176,Gravefan,10932712,2591820,8340892,433%,2052091,555805,1496286,307%,504199,114645,389555
177,Gravecon,9477347,6237987,3239360,478%,1640491,915759,724732,500%,273415,191290,82125
178,Groovecorporation,6812340,1268067,5544273,471%,1192557,239032,953525,386%,245382,35174,210208
179,Hatvollex,7410581,5898202,1512378,425%,1412481,975136,437345,328%,330019,226291,103728
180,Lamlex,6110189,4669175,1441014,350%,1357667,955207,402460,,,,
181,Kanware,7402217,2519702,4882515,359%,1611459,649838,961621,,,,
182,Rankfind,11210769,1837223,9373546,784%,1268659,234354,1034305,614%,177683,31940,145744
183,Fixcan,12184061,4600156,7583905,269%,3301791,2513055,788736,224%,1019071,1100365,-81294
184,Technodexon,12554383,3538667,9015716,493%,2116498,467802,1648696,366%,454184,233130,221054
185,Vaialane,12532632,6148451,6384182,460%,2236215,1225777,1010438,599%,319916,162670,157247
186,Donjob,12439695,7039096,5400599,369%,2652722,1346848,1305874,189%,917897,458031,459866
187,Fincorporation,11511148,1778030,9733118,457%,2066014,271093,1794921,467%,364376,57923,306454
188,Techlux,8800946,2141374,6659571,585%,1284803,274323,1010480,503%,213068,42594,170474
189,Sun-In,8375924,5299483,3076441,460%,1496171,2360178,-864007,351%,331745,534814,-203069
190,Hatit,10935075,1818536,9116540,203%,3605650,1128301,2477349,228%,1099284,493227,606057
191,Tamtex,11205036,2840144,8364892,370%,2382446,794482,1587964,169%,885668,307154,578513
192,Itquadlab,8198522,6950351,1248171,406%,1619732,1238397,381335,381%,336743,221562,115181
193,Bluefan,8789561,7224844,1564717,550%,1351620,1308755,42865,492%,228314,289006,-60692
194,Konkdom,14001604,1306967,12694638,416%,2713227,323913,2389314,283%,708414,91665,616750
195,Kaysolodex,8310294,5879731,2430563,513%,1355804,778308,577496,311%,329879,227800,102080
196,Zunremlane,9102843,4973717,4129126,302%,2266904,1498297,768607,422%,434273,253565,180708
197,Kinlax,9380872,8212849,1168023,426%,1782331,1721287,61044,472%,311596,298680,12916
198,Inchkix,8724297,5427040,3297257,426%,1659447,824332,835115,396%,334566,347500,-12934
199,Highvivalux,5501719,867508,4634212,299%,1379806,560178,819628,402%,274862,118387,156475
200,Zathhow,7232098,5166523,2065575,563%,1091364,746492,344872,454%,196997,119152,77845
201,Blacktaxon,10274457,3752711,6521745,266%,2808267,854168,1954099,-35%,4320411,1041820,3278591
202,Labam,8124116,5173904,2950211,377%,1701839,912532,789307,379%,355290,251679,103611
203,Black-Tax,5166324,3772942,1393382,444%,949581,799609,149972,350%,211018,245887,-34869
204,Med-City,10488577,5637042,4851535,447%,1916434,1066298,850136,446%,350995,197168,153827
205,Sunviaway,1614585,4323005,-2708420,464%,286038,522983,-236945,,,,
206,Vaiatrax,10650059,1513134,9136925,317%,2556168,276849,2279319,122%,1151427,69685,1081743
207,Ganzhex,5307243,2439137,2868106,508%,873423,396817,476606,367%,187028,79994,107034
208,Plexfix,7404129,6015275,1388854,496%,1241315,938246,303069,383%,257001,167362,89639
209,Care-La,7266698,3081062,4185637,468%,1278669,551412,727257,365%,274983,106295,168688
210,Dongstreet,7042297,6903334,138963,338%,1607896,1496948,110948,309%,393129,369802,23326
211,Sumtechi,10805554,1944900,8860654,488%,1837166,314020,1523146,424%,350604,41708,308897
212,Hatsaotam,6028952,2910331,3118621,327%,1410499,670356,740143,423%,269694,167417,102277
213,Mathstreet,9150382,6266400,2883983,223%,2834879,3420425,-585546,294%,719512,3809825,-3090313
214,Basetrax,9391015,1040662,8350353,302%,2337751,309143,2028608,56%,1498558,200219,1298340
215,Linetouch,10514846,2342948,8171897,314%,2542284,663837,1878447,215%,807074,250098,556976
216,Zim-Fan,8236758,2939014,5297745,295%,2086476,747217,1339259,185%,732097,303232,428865
217,Jobin,8001019,5356279,2644740,404%,1585961,1644930,-58969,536%,249365,293472,-44107
218,D-Ace,13645814,6258489,7387325,334%,3147250,971793,2175457,,,,
219,Ganzlux,8230012,5454788,2775225,488%,1400425,777676,622749,435%,261762,207015,54747
220,Zenware,9590886,1692982,7897904,406%,1896771,284800,1611971,183%,670237,59319,610918
221,Whitefase,8492524,2714283,5778242,469%,1493583,446030,1047553,252%,424313,213802,210511
222,Canstrip,11311771,2421284,8890487,477%,1962030,406885,1555145,467%,346037,65158,280879
223,Duotouch,8942315,3738984,5203331,433%,1677284,807399,869885,528%,267083,170054,97029
224,Goodace,7858271,3662576,4195695,302%,1953695,1349928,603767,130%,849433,678804,170628
225,Tamqvocone,9045108,5727397,3317711,461%,1612267,942720,669547,357%,352794,200048,152746
226,Vivaity,7529148,3147929,4381218,474%,1312297,404016,908281,525%,209968,65343,144624
227,O-Touch,9521727,3669858,5851869,469%,1674419,771196,903223,349%,372922,195521,177401
228,Temp-Holdings,10353055,4798186,5554869,364%,2231744,838271,1393473,402%,444571,199247,245324
229,Flexlane,7733374,4666917,3066457,323%,1828665,1888169,-59504,304%,452640,623123,-170483
230,Zotcare,10249518,1261501,8988017,303%,2545344,310775,2234569,141%,1056159,144310,911849
231,Triolane,6879766,3371796,3507970,272%,1849165,838904,1010261,201%,614341,277256,337084
232,Roundla,15252673,628139,14624533,451%,2770301,134489,2635812,386%,570021,56455,513565
233,Requote,5994715,4947864,1046852,347%,1341470,1181565,159905,,,,
234,Tempkix,7241642,4649990,2591652,209%,2346332,1644895,701437,204%,771820,449130,322689
235,Medkix,7069939,1498470,5571469,578%,1042871,261611,781260,430%,196768,44535,152233
236,Toughfix,10360478,1411966,8948511,441%,1914621,261740,1652881,443%,352601,50548,302052
237,Freshholdings,10492864,392917,10099947,498%,1755823,68600,1687223,470%,308039,10794,297245
238,Toughace,8807923,5208781,3599142,379%,1839326,1566087,273239,401%,367131,277294,89837
239,Icezunzim,6150397,6274358,-123961,461%,1097234,1268161,-170927,358%,239571,331980,-92409
240,Damzoom,7967309,3101168,4866141,423%,1523876,526123,997753,330%,354390,80151,274238
241,Rank-Fix,9063921,1481219,7582702,476%,1573670,246076,1327594,333%,363434,84820,278615
242,Hottam,10422075,1875020,8547056,452%,1888659,402194,1486465,520%,304622,116773,187849
243,Lattechi,10285548,1453319,8832228,284%,2675533,317752,2357781,208%,868680,86414,782265
244,Citydrill,9400603,6708066,2692537,421%,1803106,2551635,-748529,121%,815885,983989,-168104
245,It-Ity,8407359,1802970,6604389,477%,1456138,329486,1126652,225%,448042,98904,349138
246,Vivatam,9875708,1988166,7887542,430%,1862157,309349,1552808,550%,286486,51361,235125
247,Islotfind,6498255,1639880,4858375,404%,1290109,286581,1003528,245%,373945,161492,212453
248,Yearla,10838442,5327158,5511284,415%,2103059,979761,1123298,329%,490224,220147,270077
249,Dancane,8556024,3513209,5042815,495%,1437230,525478,911752,491%,243186,106336,136851
250,Citytrax,8891038,2784971,6106068,332%,2058829,636469,1422360,390%,420169,102976,317194
251,Y-Corporation,7583284,3736574,3846710,550%,1166735,726589,440146,505%,192849,100067,92782
252,Voltstreet,7427781,2080671,5347109,295%,1880882,367483,1513399,135%,800375,117179,683196
253,Sail-Lam,8540290,5523001,3017289,386%,1757516,1422917,334599,305%,433955,280357,153598
254,Gravetrax,7223567,2492629,4730938,293%,1835780,636902,1198878,,,,
255,Zotjoit,8878988,5541102,3337885,439%,1647791,1154425,493366,462%,293201,239772,53429
256,Lanelex,9106110,3351685,5754425,376%,1912817,1050120,862697,355%,420399,211296,209103
257,Hayfan,9678127,4001114,5677013,380%,2017868,961205,1056663,531%,319789,184206,135583
258,Lacorporation,6152561,4897146,1255415,273%,1649286,1339266,310020,169%,613117,649735,-36617
259,Zumma-Lane,11468968,4088478,7380489,591%,1660405,524767,1135638,473%,289774,106907,182867
260,Ganjafan,8732985,5294265,3438720,542%,1360994,774237,586757,601%,194150,132710,61440
261,Nimlux,5753213,3117206,2636008,394%,1165249,474592,690657,532%,184375,142960,41415
262,D-Fincode,8368125,4159950,4208175,242%,2449122,1053049,1396073,,,,
263,Zummacane,5014465,2598022,2416443,500%,835156,427689,407467,474%,145498,105989,39508
264,Y-Way,6932467,2080260,4852207,271%,1867707,486395,1381312,55%,1204972,143697,1061275
265,Tonbase,9536474,1372865,8163609,438%,1773210,289975,1483235,194%,603133,64848,538285
266,Tran-It,8276019,1473618,6802401,382%,1717903,326282,1391621,508%,282550,71867,210683
267,X-Lax,6340280,3794813,2545467,511%,1037057,542162,494895,,,,
268,Dento-Fix,7075544,6812829,262714,333%,1632721,1866367,-233646,246%,471885,500520,-28636
269,Gogofan,7826433,5608635,2217798,372%,1657174,1042629,614545,349%,369081,299106,69976
270,Sub-Fan,7178217,4916737,2261481,331%,1664763,1024056,640707,,,,
271,Scotzone,10784955,3735556,7049400,349%,2403913,761965,1641948,390%,490594,146024,344571
272,Mediagreen,7480998,758416,6722582,550%,1151463,141211,1010252,587%,167607,24410,143198
273,Zottex,9237032,6461790,2775242,242%,2698039,1507765,1190274,330%,627451,385253,242198
274,Xx-Com,13533083,2163836,11369247,521%,2180055,277768,1902287,253%,617579,114822,502757
275,Toughcare,10429629,5796075,4633554,400%,2086140,1015432,1070708,329%,486280,284261,202019
276,Sailbam,8219737,5224239,2995499,320%,1958093,1069605,888488,266%,534998,248853,286145
277,Mathstrip,10236594,4788684,5447910,356%,2246984,897764,1349220,150%,898794,536808,361985
278,Vilait,5691853,3250700,2441153,488%,968794,645742,323052,486%,165323,100066,65257
279,Dandrill,9834143,3110144,6723999,391%,2001247,666993,1334254,360%,435054,139014,296039
280,Konkin,8397677,753444,7644232,401%,1677199,172379,1504820,281%,440210,37732,402478
281,Unoline,11086524,5624600,5461924,203%,3655600,1584255,2071345,-18%,4458049,2853922,1604127
282,Indihow,8189502,3451949,4737553,563%,1234854,550277,684577,463%,219335,104144,115191
283,Truesaokix,12507074,3705847,8801227,550%,1925483,561834,1363649,484%,329706,94475,235231
284,Lamlax,10016295,3263194,6753101,418%,1933622,584305,1349317,409%,379886,125564,254323
285,Saotaxon,8440576,5383015,3057561,414%,1641916,985973,655943,445%,301269,269070,32199
286,Dentoing,11595135,5645413,5949722,272%,3114885,2416197,698688,93%,1613930,3376514,-1762583
287,Sanzatrax,6219995,4489463,1730532,502%,1033606,709254,324352,447%,188959,135159,53800
288,Geoelectronics,10684183,7693563,2990620,435%,1996309,1256981,739328,407%,393749,357865,35885
289,Konktouch,5720259,4434901,1285359,416%,1108527,1260990,-152463,321%,263308,299452,-36144
290,Trans-Dexon,9447285,3498325,5948961,519%,1525274,564524,960750,587%,222020,78035,143985
291,Indigolane,7165092,6999551,165541,457%,1287479,1348266,-60787,188%,447041,368373,78668
292,Fintax,6527993,4132039,2395954,341%,1480824,684914,795910,225%,455638,339332,116307
293,Overlane,7200055,4151687,3048368,360%,1566606,1038880,527726,,,,
294,Zimholding,8905706,405045,8500661,358%,1945272,94510,1850762,452%,352404,22102,330302
295,Scot-Lex,7975996,4097491,3878505,445%,1463420,642069,821351,474%,254951,132685,122266
296,Lexitrans,9152251,6653818,2498433,554%,1398609,1110587,288022,568%,209373,256105,-46732
297,Phystouch,9530025,847470,8682555,336%,2187480,190505,1996975,232%,658880,93120,565760
298,Trestouch,10512433,2267715,8244718,357%,2301799,533415,1768384,305%,568345,140847,427498
299,Silicontrans,8006959,7564828,442131,289%,2058595,1670959,387636,238%,609052,568614,40438
300,K-Job,7008969,3517340,3491629,485%,1197718,467198,730520,459%,214261,102851,111410
301,Santechno,9604261,4917054,4687208,324%,2265752,911306,1354446,174%,826917,432693,394224
302,Vilamedia,8605926,3454719,5151207,362%,1862249,526395,1335854,369%,397068,96433,300635
303,Bignamjob,8326486,5705075,2621412,408%,1639436,1137342,502094,413%,319578,175463,144115
304,Transcon,7442321,4198562,3243759,537%,1169043,1079855,89188,525%,187047,155376,31671
305,Kayplus,10855879,4611400,6244479,417%,2099891,1239477,860414,489%,356518,232389,124129
306,Hottom,10381784,2093538,8288245,284%,2703681,952259,1751422,123%,1212413,825113,387300
307,Voltech,11211911,5213751,5998160,374%,2363992,1616023,747969,451%,429037,399654,29382
308,Lamdombase,11428457,5595183,5833273,474%,1989460,907731,1081729,539%,311340,156928,154412
309,Zathtechi,7187775,2286092,4901683,586%,1047226,330868,716358,402%,208611,55525,153086
310,Sunsaolax,7151103,3835473,3315630,443%,1316524,665674,650850,427%,249815,135359,114456
311,Zapdex,9055025,4259167,4795858,447%,1655147,826109,829038,365%,355946,156965,198981
312,Indigocon,8538212,2306246,6231966,360%,1855391,344927,1510464,367%,397300,90658,306642
313,Zamfax,9886455,320669,9565786,352%,2188826,81336,2107490,388%,448530,17933,430597
314,Tanholdings,8156873,5309355,2847517,430%,1538230,1082139,456091,278%,406939,214506,192434
315,Zer-Plus,6848690,7240164,-391474,305%,1690412,2891273,-1200861,266%,461861,1432798,-970937
316,Hexzoomity,10319636,3863890,6455746,398%,2071766,641863,1429903,410%,406229,133818,272410
317,Vilahouse,8662253,7543897,1118355,247%,2497705,1740299,757406,171%,921662,1437091,-515429
318,Lamcare,7547716,5232913,2314803,447%,1379994,988733,391261,392%,280487,198467,82020
319,Keytouch,8597264,5649633,2947631,129%,3752431,1667244,2085187,91%,1964624,654572,1310051
320,Solotechi,7660262,5252533,2407729,403%,1522121,1425417,96704,365%,327338,344596,-17258
321,Kincon,13239282,2973757,10265525,486%,2261108,407082,1854026,501%,376224,77467,298757
322,Tancode,10506061,5204074,5301987,421%,2015994,1206032,809962,,,,
323,Zumlam,4657494,2818486,1839008,472%,814031,572122,241909,417%,157453,100634,56819
324,Dripcane,12431007,2153035,10277972,455%,2239979,375233,1864746,300%,559995,170582,389413
325,Temptechno,9636801,4591340,5045461,450%,1753029,687375,1065654,204%,576654,234619,342035
326,Zimtechno,14268611,6773400,7495211,439%,2645108,1325205,1319903,304%,654730,370361,284368
327,Fax-Street,5436616,6175332,-738716,414%,1057230,1739902,-682672,365%,227361,300490,-73129
328,Lambetech,11150781,1321628,9829153,337%,2552466,354593,2197873,266%,697395,84297,613098
329,Groovetrans,5882233,5146353,735880,342%,1330743,1461234,-130491,322%,315342,343240,-27898
330,Freefase,11917473,4686876,7230597,435%,2225618,648374,1577244,374%,469540,131714,337826
331,Domtexon,11117455,4483508,6633947,269%,3012867,1064859,1948008,,,,
332,Wareplanet,10344138,4159307,6184830,238%,3060655,1069579,1991076,225%,941740,1160992,-219252
333,Scotstrip,10120892,125635,9995257,262%,2792312,29762,2762550,250%,797803,8677,789126
334,Inchfind,10925194,6355052,4570142,433%,2050170,1048588,1001582,287%,529760,507289,22471
335,Planetholdings,6449228,7700337,-1251109,260%,1792198,2494891,-702693,286%,464300,478716,-14416
336,Bigfan,10386159,3093397,7292763,542%,1616797,496984,1119813,505%,267239,81748,185491
337,Tampqvotex,9536892,4240627,5296264,342%,2156043,761705,1394338,207%,702294,339286,363008
338,Kayis,9264750,1232980,8031769,545%,1436265,248035,1188230,599%,205474,41759,163716
339,Drilllane,10240158,1367678,8872479,558%,1556156,227901,1328255,490%,263755,39270,224485
340,Randrill,8239229,5802235,2436995,496%,1382038,785947,596091,536%,217302,148339,68963
341,Konkex,8634427,5850781,2783646,346%,1934430,1207709,726721,391%,393978,354135,39842
342,Techhigh,9681671,5999660,3682011,335%,2227268,1667138,560130,374%,469888,426299,43588
343,Zonunocom,11006002,3275588,7730414,266%,3010188,572643,2437545,272%,809190,99569,709621
344,Saltstreet,9219294,6235328,2983966,515%,1498254,1222106,276148,481%,257875,193117,64758
345,Viatechno,7575221,1296577,6278644,250%,2163115,534549,1628566,237%,641874,143277,498597
346,Quocan,7835460,5613470,2221990,367%,1677863,1098457,579406,537%,263401,190465,72936
347,Acetrans,7277511,3491485,3786026,535%,1146537,658234,488303,501%,190772,149471,41301
348,Sonredtam,8016385,9330202,-1313817,501%,1333723,1545985,-212262,408%,262544,294717,-32173
349,Greenfan,10228294,5751232,4477062,501%,1702280,819944,882336,472%,297601,205187,92414
350,Sub-Green,9382124,5574406,3807718,178%,3378114,5127547,-1749433,238%,999442,1466072,-466630
351,Matelectronics,12683504,3205936,9477568,776%,1447297,354425,1092872,524%,231939,69955,161984
352,X-Care,4454455,1270280,3184175,410%,872951,199518,673433,413%,170166,34442,135724
353,Joblab,10216792,2436060,7780732,552%,1567618,469156,1098462,463%,278440,86455,191985
354,Zenzootrax,7837545,4466042,3371503,530%,1244696,740059,504637,481%,214233,107232,107001
355,Fungreen,7892566,6223772,1668795,531%,1251433,1438204,-186771,349%,278716,238150,40566
356,Goldenware,8557193,2344939,6212253,617%,1193343,334815,858528,,,,
357,Hotis,9262832,5770554,3492278,537%,1455218,867709,587509,304%,360202,222601,137601
358,Damelectrics,11710706,3828134,7882571,578%,1728044,509569,1218475,498%,288971,119515,169455
359,Cancone,10411904,4286747,6125157,351%,2307328,1342758,964570,303%,572538,475512,97026
360,Nimcare,8591445,5005625,3585820,465%,1520234,821103,699131,194%,517086,273682,243404
361,Ittech,6133739,6544488,-410750,502%,1019115,975316,43799,550%,156787,121518,35269
362,Zun-Ex,13535564,6222750,7312814,622%,1873654,831428,1042226,597%,268817,135379,133438
363,Techis,10013931,2248353,7765578,432%,1882002,472896,1409106,504%,311590,55039,256551
364,Volzoom,10218547,5081916,5136631,256%,2872179,1672495,1199684,221%,894760,411985,482774
365,Saofintone,9559177,2841579,6717599,449%,1741392,601430,1139962,389%,356113,123616,232497
366,Indigoit,11942061,5349385,6592675,656%,1579863,533966,1045897,502%,262436,87345,175090
367,K-Tone,9593898,4884584,4709314,555%,1464837,659283,805554,453%,264889,124970,139919
368,Codelane,10923981,5440402,5483579,422%,2092393,1176052,916341,283%,546317,325544,220773
369,Triotexon,10339798,1298258,9041540,463%,1836380,268907,1567473,255%,517290,53375,463915
370,Streettaxon,11817252,1096684,10720568,465%,2091023,178944,1912079,419%,402895,29676,373219
371,Dongreen,9919200,2918251,7000949,483%,1701541,397086,1304455,395%,343746,61055,282690
372,Rehoting,8090625,5455657,2634968,365%,1738924,879977,858947,,,,
373,Indiin,11870344,1259826,10610518,453%,2144890,176247,1968643,472%,374981,25679,349301
374,Kanlux,10868249,4854787,6013462,568%,1627795,771548,856247,723%,197788,130783,67005
375,Fase-Bam,10574342,2146255,8428087,339%,2406221,468855,1937366,152%,954850,190227,764623
376,Silit,10692411,7777972,2914438,362%,2312437,1442117,870320,374%,487856,297569,190287
377,Fixlatcare,9349818,634360,8715458,396%,1884432,132594,1751838,,,,
378,Zummalux,10729022,3113479,7615543,447%,1960860,583404,1377456,353%,432861,270193,162668
379,Medbase,9695169,4473383,5221786,298%,2435395,1101432,1333963,164%,922498,368216,554282
380,Zimtech,9687894,3853781,5834113,449%,1763487,669612,1093875,328%,412030,145373,266657
381,Xx-Bam,15229411,2327339,12902072,441%,2812929,435100,2377829,276%,748119,121914,626205
382,Jayphase,6892054,4938867,1953187,318%,1650359,1495416,154943,,,,
383,J-Unafase,2835717,5071219,-2235502,347%,634294,1585750,-951456,,,,
384,Singlefind,11725679,4944684,6780995,394%,2372048,1006069,1365979,,,,
385,Icephase,8098201,6105205,1992996,198%,2713030,1766109,946921,7%,2535542,26916499,-24380957
386,U-Holdings,9810312,2528981,7281332,270%,2648484,1097683,1550801,284%,689709,247471,442238
387,Lalane,10461526,4934351,5527175,472%,1827457,1388916,438541,254%,516231,391603,124628
388,Vol-Con,10562149,5950026,4612122,394%,2137022,992129,1144893,343%,482398,242735,239662
389,Linetax,10091431,2907698,7183733,425%,1923568,534741,1388827,334%,443218,87393,355825
390,Hotlax,6473628,2599091,3874537,466%,1142808,496769,646039,413%,222770,114297,108472
391,Zot-Lam,7491026,5281745,2209280,417%,1450304,992492,457812,386%,298416,211286,87130
392,Villatouch,8010737,4271887,3738850,401%,1598136,909209,688927,318%,382329,187960,194369
393,O-Zimron,7939309,7535865,403444,530%,1259490,1005369,254121,516%,204463,159711,44752
394,Goldenin,8542417,2710320,5832098,284%,2226053,698184,1527869,233%,668484,218851,449633
395,E-Tex,11295163,3974721,7320442,387%,2320728,533060,1787668,273%,622179,174166,448013
396,Hexdom,5724413,4126154,1598259,225%,1758978,4210746,-2451768,311%,427975,1412924,-984949
397,Cardinalsmacked,10246854,544542,9702312,528%,1631491,106172,1525319,326%,382979,21418,361561
398,Acclaimedcirl,4484095,4177191,306904,253%,1268811,997533,271278,,,,
399,Frayedintrigue,7846678,1435103,6411576,574%,1164378,209857,954521,,,,
400,Sanguineprove,8841808,7254054,1587754,463%,1570928,1436782,134146,521%,252967,243600,9368
401,Nakedshrapnel,11916828,3879436,8037392,406%,2353778,807757,1546021,,,,
402,Crohnpurchasing,7783326,3020880,4762446,477%,1348250,470523,877727,485%,230470,71721,158749
403,Countslovenly,8380367,8213905,166462,525%,1339840,1438828,-98988,422%,256674,206174,50500
404,Judgemicrosoft,11093094,3724605,7368488,546%,1716956,572650,1144306,511%,281008,79416,201592
405,Reinforceputtock,5890468,2263512,3626956,327%,1379846,471618,908228,427%,261830,125993,135838
406,Purchasecrouton,10894633,4704083,6190550,465%,1926828,691235,1235593,447%,352254,152794,199460
407,Anodisingcrimp,5793626,7634480,-1840854,347%,1296661,2240321,-943660,234%,388222,644810,-256589
408,Geometrygene,11360700,4422823,6937878,232%,3424903,1666875,1758028,171%,1263802,979260,284542
409,Pursuitsskewer,8731776,887658,7844118,275%,2325590,364862,1960728,193%,793717,143316,650401
410,Willinghungarian,8246052,6483170,1762883,471%,1443729,840254,603475,515%,234753,145929,88823
411,Geigerbeneficial,10470309,3499830,6970479,228%,3196987,988440,2208547,190%,1102409,690475,411935
412,Relishtreasure,9959049,432738,9526310,461%,1776556,84574,1691982,428%,336469,21223,315246
413,Forearmblade,10768818,3279306,7489512,290%,2764187,688037,2076150,205%,906291,202440,703851
414,Rmsvivid,8011063,1207466,6803598,445%,1469813,185853,1283960,389%,300575,38932,261644
415,Nervousdispatcher,4955439,629477,4325962,472%,866119,88117,778002,539%,135543,15584,119959
416,Ribpunish,9489161,5624903,3864258,385%,1956718,992890,963828,443%,360353,166867,193486
417,Deliciousgeometry,11864251,2661258,9202993,344%,2671291,772066,1899225,138%,1122391,372029,750362
418,Happinesspineapple,11682563,6568199,5114364,496%,1961008,1025869,935139,723%,238276,148280,89996
419,Consistapplies,8662984,2441617,6221367,291%,2213285,572200,1641085,194%,752818,215690,537128
420,Dowdyweanling,10893126,2374602,8518524,274%,2915141,724002,2191139,,,,
421,Monitoringhaflinger,7322286,7603732,-281446,393%,1486124,1319632,166492,130%,646141,708526,-62385
422,Bouquetvolt,7736129,3667653,4068476,206%,2526713,1663423,863290,53%,1651446,1192704,458743
423,Thamesringed,8596885,4214179,4382705,488%,1461777,661113,800664,,,,
424,Abstractedchocolat,7079562,4960266,2119296,222%,2200965,2340852,-139887,220%,687802,830590,-142788
425,Wiggakintail,8713642,3796676,4916966,276%,2317734,883267,1434467,237%,687755,316705,371050
426,Machinewarn,11548371,6091555,5456816,436%,2156235,1223057,933178,312%,523358,402486,120872
427,Berserkfluther,11076187,6334621,4741566,482%,1903374,910882,992492,368%,406704,236670,170034
428,Nohitterright,9910197,5085850,4824347,356%,2172392,1415404,756988,412%,424295,315596,108699
429,Tragicultra,9681921,3593982,6087939,478%,1676272,552728,1123544,451%,304224,68622,235601
430,Coatforked,10626672,243956,10382716,363%,2293584,65928,2227656,215%,728122,25567,702555
431,Loveboyle,9552889,3814137,5738752,178%,3431425,982808,2448617,136%,1453994,314600,1139393
432,Recognisedwimp,12988345,3047196,9941149,672%,1682773,339396,1343377,518%,272293,64164,208129
433,Mustermilk,7635521,1545811,6089710,407%,1505031,242023,1263008,497%,252099,48808,203291
434,Urethrawell,9885103,7470554,2414549,423%,1888519,1671384,217135,430%,356324,332812,23512
435,Admonishbadelynge,9528495,3117953,6410542,485%,1628689,462801,1165888,588%,236728,76800,159928
436,Siftercockamamie,12691389,2498398,10192991,382%,2632684,547750,2084934,,,,
437,Atrophymonsters,7166127,7827496,-661369,487%,1220252,1120557,99695,617%,170189,173038,-2849
438,Chirpskipping,10643314,3666733,6976581,230%,3222816,874815,2348001,84%,1751530,280133,1471398
439,Discreetcorrosive,7307498,6648408,659090,362%,1582854,1853749,-270895,32%,1199132,877346,321786
440,Plankoblateness,6879063,6575557,303506,515%,1118301,1051418,66883,451%,202958,180652,22306
441,Shuffleelse,7510279,5819666,1690613,273%,2014124,1096369,917755,297%,507336,396848,110488
442,Dyneinbulbous,7981288,2270634,5710654,507%,1314390,381753,932637,471%,230191,74111,156080
443,Handlersthroated,11592541,3987941,7604601,420%,2231054,718719,1512335,379%,465773,173970,291803
444,Boundextrasmall,8838341,4521158,4317183,411%,1730605,846333,884272,287%,447185,172130,275055
445,Efferentfinished,5449870,140030,5309840,351%,1208629,29607,1179022,,,,
446,Trogleguarantee,7882726,3769434,4113292,244%,2293584,840103,1453481,159%,885554,342568,542986
447,Chloridesfixation,10924846,4016500,6908345,307%,2685051,713760,1971291,248%,771566,285189,486378
448,Raisinscotta,10393471,6652796,3740675,263%,2864768,1773640,1091128,235%,855155,756033,99122
449,Loocloning,9346039,3049306,6296733,464%,1656101,551343,1104758,263%,456226,115051,341175
450,Cormorantpassionate,7966060,4821598,3144462,264%,2191404,928608,1262796,340%,498046,174042,324004
451,Sandhillrisk,7664063,2447209,5216855,575%,1134680,357028,777652,481%,195298,53722,141576
452,Calmbus,9965955,3048562,6917393,611%,1401349,429859,971490,575%,207607,57866,149742
453,Broadboiled,8910974,6219992,2690982,296%,2250089,2619452,-369363,,,,
454,Pastpumpkin,11192435,1024624,10167810,426%,2128506,164900,1963606,320%,506787,44961,461826
455,Vertextractor,6092909,8516661,-2423752,244%,1772741,2724029,-951288,-45%,3223165,17033186,-13810020
456,Parkourwoodchat,7853705,6339352,1514353,461%,1400360,1220263,180097,335%,321922,240817,81105
457,Ritelepus,6662326,4932726,1729601,289%,1710601,1942673,-232072,210%,551807,710592,-158785
458,Coiledsheriff,3367964,2639513,728452,365%,723935,543038,180897,402%,144210,116764,27446
459,Bastingconverse,12133832,3344231,8789601,452%,2196460,461479,1734981,477%,380669,74004,306665
460,Stylishhypothesis,10705546,3170938,7534608,220%,3342165,671124,2671041,57%,2128768,302124,1826644
461,Ethanoicgreenish,9998905,1280398,8718507,348%,2232545,258762,1973783,349%,497226,77952,419274
462,Glaciertolerant,8174843,4696022,3478821,640%,1104978,765678,339300,587%,160841,102517,58324
463,Berateupdates,7985018,4773242,3211775,479%,1379910,832145,547765,570%,205957,129229,76728
464,Bipedaldumbo,9003330,9897501,-894170,313%,2179065,2540143,-361078,,,,
465,Squeezebasement,6681594,6852682,-171089,391%,1362195,1392230,-30035,274%,364223,474960,-110737
466,Sounderfibber,9727740,6403759,3323980,281%,2555254,1933955,621299,203%,843318,619580,223738
467,Spamfake,10489660,2991462,7498198,385%,2163324,573347,1589977,288%,557558,123739,433819
468,Crazyclausius,10699395,2656135,8043260,518%,1730259,516160,1214099,473%,301965,80852,221113
469,Lowdirect,7112290,8691188,-1578897,344%,1602598,2833197,-1230599,401%,319880,531671,-211791
470,Improvelonely,5977212,462545,5514668,397%,1202221,88853,1113368,286%,311456,26204,285252
471,Ballerpaint,4675145,3249690,1425456,376%,982924,735181,247743,170%,364046,254796,109250
472,Crashingsubmitted,8978177,2824137,6154039,358%,1959117,520811,1438306,54%,1272154,368355,903799
473,Peskyevaluate,8011611,4284410,3727201,476%,1390891,811111,579780,493%,234552,143547,91004
474,Circinuscategory,9920255,5274251,4646004,493%,1671940,708698,963242,312%,405811,169654,236156
475,Bitwisegland,10490500,4210466,6280034,298%,2637603,1073501,1564102,,,,
476,Chestnutanorexia,8333540,5025148,3308392,477%,1445067,900761,544306,409%,283903,214501,69402
477,Waterka,6140424,5017012,1123412,235%,1832024,1741778,90246,205%,600664,834990,-234326
478,Muttletpocket,10416309,7560119,2856190,506%,1718787,990584,728203,295%,435136,244576,190560
479,Fiercearc,3765092,4152827,-387735,201%,1250153,2041471,-791318,78%,702333,1225316,-522982
480,Affinemisguided,10834605,1599685,9234920,307%,2661831,323960,2337871,254%,751930,68594,683336
481,Chiselledcarpal,9187836,4351545,4836291,471%,1609985,587221,1022764,301%,401493,165007,236485
482,Pluggedword,10380676,3107320,7273356,519%,1678322,647532,1030790,467%,296000,122382,173619
483,Trappedvia,9599201,1907711,7691490,415%,1863230,436811,1426419,298%,468148,148915,319233
484,Clocksgarrulous,10278001,3618266,6659735,307%,2526837,991873,1534964,,,,
485,Estermourn,7740138,5303734,2436404,412%,1511033,1373825,137208,272%,406192,313920,92272
486,Glyderrhombus,9487305,4217203,5270102,158%,3675479,1969675,1705804,164%,1392227,763410,628817
487,Visitorglands,5872470,6628489,-756019,286%,1523033,1998441,-475408,150%,609213,509447,99766
488,Splashnuts,11004547,3182829,7821719,327%,2580169,590095,1990074,430%,486824,163238,323587
489,Aldabaranbox,7354077,5230774,2123303,390%,1500899,1070770,430129,321%,356508,279280,77228
490,Filletsstrategy,9737924,2738355,6999569,405%,1928186,754731,1173455,201%,640593,482921,157672
491,Athleticsstriker,8298584,5587279,2711306,468%,1462229,1060298,401931,454%,263940,267699,-3759
492,Lidarcastor,8608984,1419812,7189172,306%,2122053,273237,1848816,361%,460315,83388,376927
493,Elderlyhair,8522265,6555897,1966367,335%,1960167,992770,967397,317%,470064,356370,113694
494,Colouredrecipe,8884717,5663096,3221620,397%,1789082,815075,974007,195%,606468,286544,319924
495,Easterntwisted,8032072,4670258,3361814,219%,2519193,1300890,1218304,117%,1160918,1118598,42320
496,Bindauthorized,9444652,1211123,8233529,409%,1856349,274359,1581990,341%,420941,99569,321372
497,Wackparticle,6265705,384883,5880821,367%,1342087,77351,1264736,261%,371769,25394,346375
498,Pointchough,6059870,4986520,1073349,356%,1328659,941065,387594,,,,
499,Dewflags,8844903,2962054,5882849,281%,2321788,860182,1461606,232%,699334,389182,310152
500,Kidneyedgalvanic,5670158,2714317,2955841,340%,1288297,705373,582924,,,,
501,Sootycrushing,12352262,6195130,6157132,402%,2462580,1359998,1102582,377%,516264,409751,106513
502,Nitrogenwoodlark,7262552,2968768,4293784,473%,1268323,404263,864060,,,,
503,Reelingrebel,7334119,2224268,5109851,331%,1702275,404033,1298242,310%,415189,83935,331254
504,Cometscasting,5041969,3293814,1748155,255%,1419369,1183485,235884,,,,
505,Peamuddy,7933685,4925005,3008680,200%,2640311,1281170,1359141,7%,2467580,1621939,845641
506,Proteincosines,8304318,6770283,1534035,368%,1775410,1507414,267996,411%,347438,256609,90829
507,Gleanworn,10861214,9046498,1814716,433%,2037734,1527797,509937,394%,412497,307543,104954
508,Thinkableexecute,8826668,3659846,5166822,326%,2073851,817040,1256811,440%,384046,181204,202843
509,Centerbarriers,6603581,2365704,4237878,348%,1475115,636748,838367,246%,426334,132815,293518
510,Girollesjones,7716841,2603879,5112961,231%,2330813,612650,1718163,189%,806510,190734,615776
511,Chadhelpful,5462149,3738581,1723568,295%,1382891,1031015,351876,72%,804006,1127138,-323132
512,Weedycavus,8587453,5405470,3181983,439%,1592645,978453,614192,313%,385628,223558,162070
513,Reliablepaver,16810051,3354029,13456022,536%,2643851,566040,2077811,509%,434130,91927,342203
514,Kittensteller,12398856,5853833,6545023,422%,2373844,1137478,1236366,280%,624696,235536,389160
515,Initialbricklayer,8583182,5503515,3079667,349%,1910170,1529803,380367,182%,677365,1648025,-970659
516,Circlechop,10067070,5929828,4137243,456%,1811243,1335466,475777,508%,297902,266599,31303
517,Itemswazzed,8893688,1417656,7476032,368%,1899649,265256,1634393,256%,533609,58268,475342
518,Sparrowchorizo,8163038,3439228,4723810,480%,1408032,480148,927884,461%,250986,86825,164161
519,Forcepdark,7159824,5768331,1391493,508%,1176995,1013207,163788,240%,346175,192730,153445
520,Corylisten,8625292,7718966,906326,373%,1822766,2359742,-536976,392%,370481,1051952,-681471
521,Pumpkinmothers,9837182,4500700,5336482,312%,2385159,1011887,1373272,39%,1715942,1137833,578108
522,Matcapillary,10056895,5293164,4763731,343%,2269073,1088558,1180515,238%,671323,260896,410427
523,Presslute,10618249,4669810,5948439,407%,2093199,974316,1118883,388%,428934,450879,-21945
524,Infieldercub,7599716,1356438,6243278,330%,1768358,463147,1305211,235%,527868,110806,417062
525,Clapperstrict,12998017,6201381,6796635,434%,2434312,1608564,825748,564%,366613,201388,165225
526,Latvianemployment,7914059,1729823,6184235,344%,1780714,313595,1467119,,,,
527,Isstreets,8125954,2355700,5770254,458%,1455716,299861,1155855,426%,276752,80779,195973
528,Wealthabounding,5463765,2191140,3272625,402%,1089461,524536,564925,428%,206337,141805,64533
529,Cleavagesling,12902156,1267422,11634734,373%,2727160,270396,2456764,297%,686942,100961,585981
530,Laboredshocked,12010460,1876606,10133854,233%,3607377,542927,3064450,407%,711514,133462,578052
531,Appaloosasmiling,10744688,4750543,5994145,598%,1539906,574809,965097,662%,202087,86860,115227
532,Wimpleddrift,8836312,4138632,4697680,769%,1016714,579766,436948,750%,119613,67902,51711
533,Clasticmach,10501869,968518,9533351,448%,1914851,175795,1739056,,,,
534,Moldsare,8527366,5442957,3084409,435%,1594358,1011375,582983,450%,289883,168576,121307
535,Expandcostgullible,9164883,7237383,1927499,210%,2957856,2687697,270159,195%,1002663,704543,298120
536,Hypergalaxypegasus,9127759,2005195,7122563,392%,1854007,370522,1483485,196%,626354,101122,525232
537,Snashacceptor,8328300,5775684,2552616,462%,1481608,1094792,386816,229%,450337,319876,130461
538,Famousknucklehead,9996205,5010013,4986192,438%,1856659,1415584,441075,327%,434815,251067,183748
539,Collarbonebad,9426850,3974950,5451900,298%,2365970,970713,1395257,212%,758324,8899015,-8140691
540,Cateredsweep,9867522,3545234,6322288,316%,2373442,746267,1627175,291%,607018,242130,364888
541,Rageenvious,7501734,3330829,4170905,455%,1351866,598539,753327,324%,318836,98525,220311
542,Rowsitem,7323171,4126472,3196699,493%,1235964,723203,512761,,,,
543,Falterfeline,8221812,4104331,4117482,447%,1504196,801077,703119,400%,300839,209261,91578
544,Rinkmusic,11533498,7331421,4202077,430%,2174255,1040330,1133925,279%,573682,522266,51417
545,Positiveneptunium,7708852,6223234,1485618,277%,2044938,1250099,794839,186%,715013,813235,-98221
546,Scoreboardchaos,8595812,7065343,1530468,372%,1822029,1263219,558810,235%,543889,388311,155579
547,Stimulusbison,7646748,4620773,3025975,406%,1512557,945919,566638,409%,297162,191009,106154
548,Landmarksbutters,8330996,4086523,4244473,486%,1420903,881104,539799,488%,241650,158689,82961
549,Picklescrudivore,9295571,563500,8732071,329%,2166334,136118,2030216,161%,830013,53065,776948
550,Pausehydrocarbon,6759409,2250022,4509387,345%,1519879,495026,1024853,259%,423365,215591,207774
551,Neodymiumscandalous,8022421,4248247,3774174,330%,1865880,921413,944467,240%,548788,460709,88079
552,Februaryvanadium,7775650,5531004,2244646,305%,1922231,3680615,-1758384,153%,759775,9799635,-9039860
553,Holdelongation,10885081,4794984,6090097,404%,2159357,810212,1349145,526%,344945,123507,221438
554,Avogadroethanoate,10926954,4191046,6735908,351%,2423022,1223653,1199369,150%,969209,311709,657500
555,Assuredcarbon,9401138,6368407,3032731,474%,1637533,775176,862358,331%,379938,144810,235128
556,Indignantant,8744404,2803618,5940786,383%,1809294,627323,1181971,241%,530585,171821,358763
557,Annoyhog,12729198,5494847,7234351,337%,2909536,803554,2105982,162%,1110510,268731,841779
558,Dingalingflee,10896887,6187326,4709561,127%,4791541,2473625,2317916,67%,2869186,8946964,-6077778
559,Sawbeloved,8609334,3173019,5436315,437%,1602638,610603,992035,496%,268899,85081,183818
560,Equalityshape,6324593,7220455,-895862,495%,1063559,1285438,-221879,454%,191978,241603,-49625
561,Kestrelpumpion,7023857,6453820,570037,351%,1557346,1784626,-227280,403%,309612,451631,-142019
562,Mathassertive,5804178,3549635,2254543,407%,1145910,570764,575146,489%,194552,94330,100222
563,Annoyingsmack,11835820,3315406,8520414,446%,2168830,480790,1688040,302%,539510,357111,182399
564,Cockamamieergot,7914631,6333865,1580766,304%,1958525,2226972,-268447,312%,475370,613625,-138255
565,Wightmuon,6773124,7957743,-1184619,552%,1039252,1243227,-203975,425%,197953,332455,-134502
566,Optimismexterior,8427020,4316632,4110388,490%,1427809,593464,834345,528%,227358,114661,112697
567,Exteriorknowing,5331296,3770865,1560431,281%,1399691,1016618,383073,237%,415339,254302,161036
568,Sireunit,9827577,4747817,5079760,363%,2123700,1013518,1110182,434%,397697,203934,193762
569,Shovelerablaze,6014864,3570801,2444063,378%,1257400,778659,478741,271%,338922,211252,127670
570,Taskspuzzled,9867551,2605135,7262416,432%,1853464,395684,1457780,450%,336993,85021,251973
571,Posseratty,9361118,1450080,7911037,427%,1776888,352085,1424803,,,,
572,Houryounger,5356147,5239406,116741,312%,1301181,869354,431827,219%,407894,383860,24034
573,Freezehouses,8062368,4786821,3275546,341%,1829078,1014172,814906,333%,422420,493289,-70869
574,Damedash,5215835,5877333,-661498,561%,788669,1100864,-312195,449%,143656,197780,-54124
575,Valvespoon,7290681,4411425,2879256,436%,1361223,881296,479927,182%,482703,241150,241554
576,Weepingwhisky,9779555,4950689,4828866,302%,2433685,1092557,1341128,319%,580832,389796,191036
577,Gianttempting,7713148,6486427,1226721,282%,2017226,1060663,956563,321%,479151,197181,281970
578,Vacuolesonerous,7747378,5198669,2548708,358%,1693211,872914,820297,284%,440940,185261,255679
579,Winepizz,7712287,5307274,2405013,283%,2013147,903805,1109342,243%,586923,275062,311862
580,Representpoppysmic,7143212,2901233,4241980,429%,1350373,486946,863427,376%,283692,110589,173103
581,Christiecountry,6810094,3876644,2933450,449%,1239487,582279,657208,349%,276055,149561,126494
582,Frillyshaving,8860540,2442826,6417715,439%,1642776,469393,1173383,472%,287199,68879,218320
583,Clawasked,10883703,5267075,5616628,336%,2494547,851428,1643119,173%,913753,576058,337695
584,Formulasbreathless,10683527,5310234,5373293,411%,2090145,1008830,1081315,335%,480493,168699,311794
585,Crystringed,10245078,3649280,6595799,421%,1965048,543577,1421471,,,,
586,Exactmunch,4723332,6956849,-2233516,372%,999755,1334380,-334625,503%,165797,222635,-56838
587,Fatsodean,8462731,5835514,2627217,449%,1541803,968088,573715,402%,307132,150168,156964
588,Scarygout,7819708,5553767,2265941,509%,1283616,1115871,167745,502%,213225,164431,48794
589,Delaycarriage,10172151,3694395,6477755,527%,1621133,431590,1189543,464%,287435,80505,206930
590,Fatcoffle,9274105,4829430,4444675,165%,3500987,1668417,1832570,156%,1367573,597382,770191
591,Charlesresearcher,7156172,5174937,1981235,405%,1415794,1001385,414409,236%,421367,313447,107920
592,Adarabarr,8315626,1791180,6524445,347%,1858715,582456,1276259,363%,401450,125817,275633
593,Fowlwagger,12011988,3177854,8834134,260%,3335547,698958,2636589,156%,1302948,290459,1012489
594,Receivedhorn,11460205,5078322,6381883,307%,2816481,1811782,1004699,,,,
595,Decoratorsdecipher,8982358,3820511,5161847,251%,2560370,771499,1788871,156%,1000145,436184,563961
596,Curlgadolinium,11609079,6045030,5564049,553%,1777171,857174,919997,662%,233225,120982,112242
597,Ima,11521257,4314708,7206549,427%,2184442,718225,1466217,371%,463788,183384,280404
598,Semipermeability,8928801,256985,8671816,318%,2138423,52871,2085552,190%,737387,63252,674135
599,Hydrolytic,10172365,5976989,4195376,228%,3097777,1277875,1819902,161%,1186888,811721,375167
600,Delusive,7760145,3252916,4507229,136%,3288105,1700474,1587631,,,,
601,Unconsoling,11561482,1735277,9826206,294%,2931436,596782,2334654,328%,684915,247193,437722
602,Lipped,8275051,2682894,5592158,412%,1616920,430469,1186451,514%,263342,84657,178685
603,Sweater,9127416,3014081,6113335,346%,2044672,565219,1479453,,,,
604,Interpaving,11765508,3344672,8420836,351%,2606727,823895,1782832,429%,492765,283976,208789
605,Chenopod,8699080,3620494,5078585,470%,1526707,545119,981588,369%,325524,130299,195224
606,Epiphyll,8284587,893845,7390742,324%,1952596,297064,1655532,361%,423557,65342,358215
607,Age,12386572,4138972,8247600,427%,2348654,967533,1381121,354%,517325,195537,321788
608,Hiding,8525469,4431489,4093980,352%,1886212,931217,954995,,,,
609,Pyretic,9633734,4532744,5100990,377%,2020676,844805,1175871,427%,383430,167892,215538
610,Clupeoid,8340094,4397741,3942353,311%,2029016,877728,1151288,242%,593280,198389,394890
611,Beetleheaded,8109837,4971120,3138717,534%,1279155,843689,435466,393%,259463,155054,104409
612,Preworthy,9845857,4895202,4950655,309%,2407715,983091,1424624,93%,1247521,869462,378058
613,Fraternal,8811825,4665587,4146237,447%,1610095,1126448,483647,275%,429359,393114,36245
614,Falbala,13880376,6266037,7614339,352%,3073980,1381235,1692745,477%,532752,239999,292754
615,Pomiculturist,6040353,7221104,-1180751,476%,1048214,956442,91772,422%,200807,215933,-15126
616,Intermitted,6459796,3034716,3425081,414%,1257852,589891,667961,361%,272853,94543,178310
617,Nomarchy,14102177,1485995,12616183,364%,3040504,273859,2766645,393%,616735,75312,541423
618,Turboprop,10665972,3533350,7132621,565%,1603076,420490,1182586,439%,297417,84845,212571
619,Parhelion,8157679,7451573,706107,380%,1700465,1255630,444835,417%,328910,213311,115599
620,Grammatical,10090617,4085717,6004900,241%,2962695,993805,1968890,271%,798570,287029,511541
621,Protractile,8398615,3834886,4563729,260%,2332357,1330955,1001402,282%,610565,523624,86941
622,Precincts,7000187,1394333,5605853,549%,1078940,285788,793152,444%,198335,66381,131953
623,Hookiest,4691133,5204053,-512920,306%,1156118,1065235,90883,311%,281294,257293,24001
624,Anarchical,8818759,4385105,4433653,521%,1420917,733236,687681,,,,
625,Amphithalamus,9354655,3922559,5432096,426%,1776824,816646,960178,374%,374857,133019,241838
626,Ortonville,13472152,5121360,8350792,450%,2449713,936817,1512896,489%,415911,182148,233763
627,Silkiness,6017023,5742811,274213,409%,1182821,954614,228207,,,,
628,Monotrichous,7203337,3660171,3543166,316%,1733357,711352,1022005,262%,478828,228442,250386
629,Strange,10651954,3451220,7200734,311%,2592466,779804,1812662,293%,659661,144307,515354
630,Overstridden,9121713,1422672,7699041,643%,1227843,199628,1028215,641%,165701,27853,137848
631,Zirconyl,9039118,6796984,2242134,469%,1588751,1011595,577156,442%,293127,247819,45309
632,Cyaneous,7914722,7818649,96073,368%,1691295,1540061,151234,403%,336242,326431,9811
633,Implorer,9321475,7633955,1687520,406%,1840484,3085581,-1245097,271%,496087,1112546,-616459
634,Unexotically,8669802,4919209,3750593,358%,1891139,794262,1096877,463%,335904,135554,200350
635,Millrind,9911499,3994599,5916900,522%,1592588,593968,998620,309%,389386,148034,241352
636,Adequateness,10175412,3750455,6424957,393%,2065468,840329,1225139,80%,1147482,3177891,-2030409
637,Overrestraint,9754057,8833011,921046,519%,1575377,1816050,-240673,332%,364671,340828,23843
638,Interestingness,13849334,5178767,8670567,371%,2938931,1199048,1739883,,,,
639,Homologize,7336228,9544997,-2208769,454%,1324338,1797902,-473564,,,,
640,Badgeless,10297395,4083752,6213643,452%,1866818,604573,1262245,404%,370400,145739,224662
641,Aspic,8498414,4645617,3852797,414%,1653089,735281,917808,551%,253931,106661,147270
642,Subaverage,7577637,8662530,-1084893,479%,1307852,1501123,-193271,491%,221295,247674,-26379
643,Glycopexis,9901620,3450712,6450908,177%,3575386,868193,2707193,128%,1568152,1087150,481002
644,Westminster,9861652,7245126,2616525,361%,2137698,1335729,801969,120%,971681,615855,355826
645,Suicided,7145863,4519467,2626396,318%,1710735,1595663,115072,,,,
646,Tocantins,12330107,4296074,8034034,324%,2909572,696023,2213549,270%,786371,256488,529883
647,Thiocyanate,5557477,4357427,1200050,279%,1468221,1261363,206858,168%,547844,385181,162663
648,Fibrillar,6985440,3809635,3175805,366%,1500216,783882,716334,293%,381734,193198,188536
649,Interreges,9514605,2867024,6647580,431%,1790961,757546,1033415,378%,374678,140992,233686
650,Exilarch,6957904,4161452,2796452,408%,1370197,751681,618516,348%,305848,164642,141206
651,Boxhaul,10007429,1453488,8553941,238%,2959053,537019,2422034,196%,999680,271585,728095
652,Refertilization,10064297,4498839,5565458,383%,2084616,1513836,570780,387%,428053,363038,65015
653,Asynchronous,8720504,632756,8087748,501%,1452035,101191,1350844,366%,311595,22388,289207
654,Swedenborgism,10379242,5949929,4429312,355%,2283650,1517109,766541,339%,520194,289400,230794
655,Outspruing,11909917,5468575,6441342,174%,4351916,2310956,2040960,230%,1318762,2317846,-999084
656,Adenohypophysis,8241404,3305523,4935881,351%,1826562,505938,1320624,278%,483217,115597,367621
657,Unvibrant,7110958,2340753,4770205,243%,2073065,552511,1520554,137%,874711,199197,675514
658,Outplan,7936183,5253021,2683162,325%,1865506,1699814,165692,52%,1227307,5863186,-4635880
659,Unforegone,9732370,5236511,4495860,368%,2081696,2216768,-135072,419%,401098,625757,-224660
660,Unsported,9792271,4604324,5187947,336%,2246323,905048,1341275,,,,
661,Clunk,9976025,3236506,6739519,235%,2975621,814804,2160817,,,,
662,Allongie,8749447,4245496,4503951,538%,1370390,587086,783304,623%,189542,99990,89552
663,Armet,8271016,4401347,3869669,524%,1324617,783988,540629,775%,151385,73873,77512
664,Messrs,9542792,6013866,3528926,628%,1311156,1196517,114639,767%,151229,149463,1766
665,Getable,9043049,5763238,3279811,361%,1961834,1388951,572883,222%,609265,610801,-1536
666,Turbidimetry,11067223,8007771,3059452,431%,2085557,1329990,755567,418%,402617,409901,-7283
667,Federalistic,8108370,6471604,1636766,417%,1569372,1124964,444408,194%,533800,250050,283750
668,Williamsport,9366416,3084697,6281719,497%,1568581,443407,1125174,472%,274227,67148,207080
669,Unrebuilt,5422083,4666040,756043,270%,1464036,836674,627362,159%,565265,2324942,-1759677
670,Outbraving,9116942,3747352,5369590,442%,1683151,740974,942177,502%,279593,150193,129400
671,Manchuria,7307945,4408821,2899124,356%,1603089,1050380,552709,421%,307695,212978,94717
672,Miscutting,10115274,5731632,4383642,470%,1775832,1141886,633946,474%,309378,247973,61406
673,Interquarrelling,14732950,6145134,8587816,554%,2254258,932657,1321601,581%,331022,162931,168091
674,Tessiture,7389236,4036130,3353105,261%,2045617,938212,1107405,309%,500151,179590,320561
675,Consonantizing,10036466,3340144,6696322,316%,2411474,490549,1920925,326%,566074,121809,444264
676,Turner,8133037,3651826,4481211,362%,1761793,780328,981465,328%,411634,140427,271206
677,Unterwalden,8887503,3895860,4991643,432%,1670828,954561,716267,464%,296246,147262,148984
678,Unsurmountable,9215508,4262906,4952602,278%,2434800,928504,1506296,,,,
679,Knock,8157191,4602535,3554656,297%,2056482,1358460,698022,256%,577663,1112437,-534774
680,Superepoch,10253911,7592417,2661494,451%,1859752,1201966,657786,550%,286116,227600,58516
681,Masquerade,9954471,2131506,7822965,426%,1893747,414245,1479502,214%,603104,108930,494174
682,Golliwogg,4944083,3254899,1689183,352%,1092759,685452,407307,241%,320457,267655,52802
683,Overfrequency,9735773,3262227,6473546,482%,1673075,546768,1126307,465%,296119,89356,206764
684,Thready,10999283,3786779,7212505,329%,2565465,847939,1717526,436%,478632,180086,298545
685,Alleluiatic,7923324,2717233,5206091,485%,1354927,442575,912352,603%,192735,57298,135437
686,Lampadaire,11973937,7655547,4318390,361%,2596587,1820578,776009,437%,483536,374566,108970
687,Disney,6574546,4649376,1925170,439%,1220511,969062,251449,,,,
688,Indicated,9214598,5744504,3470094,444%,1692520,888995,803526,509%,277918,145489,132429
689,Unemancipated,10292359,4415566,5876793,371%,2184000,741284,1442716,210%,704516,248400,456116
690,Barest,8727308,6270509,2456799,289%,2245905,1415378,830527,67%,1344853,726486,618367
691,Repartition,10236793,1117574,9119219,316%,2461422,284962,2176460,212%,788917,128370,660547
692,Obclavate,7859828,2990442,4869386,331%,1821757,707055,1114703,195%,617545,244722,372822
693,Tantalous,7950947,879525,7071422,530%,1262459,167057,1095402,281%,331354,42149,289205
694,Dolomitizing,6397853,3516131,2881723,356%,1404186,1236390,167796,188%,487565,367177,120387
695,Comatulid,9144082,1110199,8033883,432%,1719682,235846,1483836,588%,249954,32102,217852
696,Kolozsv,11282386,4321512,6960875,504%,1868939,742820,1126119,506%,308406,149049,159356
697,Supremeimpress,9187956,4123466,5064490,434%,1721430,649127,1072303,391%,350597,116063,234534
698,Auctiongoogle,10299827,187655,10112173,536%,1619908,23219,1596689,382%,336081,4071,332009
699,Slumpeaster,12232951,6605488,5627462,467%,2158925,1202273,956652,446%,395408,175720,219687
700,Fowlappraiser,8186376,4638213,3548162,268%,2224696,1401329,823367,186%,777866,531761,246104
701,Fixnummodus,9015238,3042568,5972670,208%,2930180,762702,2167478,278%,775180,177175,598005
702,Proficientpages,6241039,3899068,2341971,516%,1013887,576885,437002,391%,206494,126629,79865
703,Dullbocce,11210858,4323160,6887698,486%,1912637,773336,1139301,381%,397638,194372,203265
704,Comisbeard,3487835,1638707,1849128,272%,937884,735794,202090,215%,297741,259019,38722
705,Preferencehistorical,9662083,5823472,3838611,267%,2635747,1243333,1392414,192%,902653,572356,330298
706,Remembergabbro,10878578,4515112,6363466,441%,2011486,1719740,291746,603%,286129,254792,31337
707,Adaptiverolex,4885117,2127871,2757247,423%,934236,290819,643417,163%,355223,75847,279376
708,Mincemeatcontroller,11188123,1955490,9232633,275%,2987256,415337,2571919,206%,976227,85324,890904
709,Acutematrices,11000642,1347472,9653170,325%,2590677,338360,2252317,342%,586126,72064,514063
710,Largestugly,9768948,4380184,5388764,348%,2178560,810598,1367962,292%,555755,183700,372055
711,Renaloutspoken,4679890,6902639,-2222749,355%,1028903,2582756,-1553853,250%,293972,779212,-485239
712,Minstrelhood,12046982,4672034,7374948,382%,2498533,1225340,1273193,256%,701835,333690,368145
713,Interfaceaboard,6801629,2239823,4561805,485%,1162248,356059,806189,525%,185960,62181,123779
714,Fluetruffles,10848453,5506036,5342417,279%,2859023,972708,1886315,77%,1615267,852247,763020
715,Scarletcheeses,7376103,4446639,2929465,416%,1428507,857337,571170,401%,285131,164677,120454
716,Grapegraves,11337321,6350096,4987225,386%,2333475,1190293,1143182,280%,614072,316603,297469
717,Fawningsaves,7048954,570976,6477978,422%,1350920,91795,1259125,429%,255372,14017,241356
718,Causedunsure,8047541,4402984,3644557,485%,1375695,776251,599444,498%,230049,160214,69835
719,Represswellington,9969793,3572742,6397051,470%,1748390,724327,1024063,269%,473818,163468,310351
720,Launchingillusion,7205547,4861975,2343572,506%,1188868,936509,252359,450%,216158,176045,40113
721,Cosmicdiving,5042352,7184605,-2142253,525%,806159,1053131,-246972,676%,103886,140889,-37002
722,Radonspoonbill,7989604,1486140,6503465,415%,1550366,253923,1296443,421%,297575,53174,244401
723,Puncturecorona,10108405,2813781,7294623,397%,2031928,591696,1440232,501%,338091,94450,243642
724,Haulbittern,10104143,4177864,5926280,425%,1925333,900818,1024515,302%,478939,242768,236171
725,Weyrhandlers,9524049,7954888,1569161,447%,1740450,1451160,289290,422%,333420,292026,41393
726,Smartpans,13569437,6803826,6765611,329%,3166185,2033448,1132737,270%,855726,578752,276973
727,Angolanbronco,6980428,3436713,3543715,366%,1497962,891878,606084,164%,567410,290044,277366
728,Lisppanel,8827387,2975434,5851953,369%,1883369,542990,1340379,,,,
729,Dillimported,9724730,7712296,2012434,440%,1799466,1966752,-167286,491%,304478,424864,-120385
730,Pickaxestiming,6682551,2457209,4225342,494%,1125092,449357,675735,308%,275758,87022,188736
731,Electionslaunch,9790903,4364351,5426553,549%,1508994,612374,896620,464%,267552,118718,148834
732,Bookingchildish,7840239,3348650,4491588,354%,1727199,601697,1125502,372%,365932,129888,236044
733,Pointingfunds,7514080,3355095,4158985,467%,1326388,592466,733922,542%,206602,111577,95025
734,Starbuckslyra,11927694,3541736,8385958,358%,2606600,1451169,1155431,,,,
735,Meddlesomepushy,6892921,367677,6525244,457%,1236489,53846,1182643,202%,409433,28825,380609
736,Offerbe,9658548,4762161,4896387,279%,2549533,1193625,1355908,98%,1287643,713797,573846
737,Supportersfaint,10146902,3207273,6939629,307%,2494037,681126,1812911,506%,411557,132663,278895
738,Potiondecathlon,7247815,4859318,2388497,472%,1268034,832749,435285,383%,262533,256852,5681
739,Perfumegrown,7016449,1572577,5443872,431%,1320205,273111,1047094,558%,200639,48083,152557
740,Knuckleheadexamples,11620304,6624313,4995992,497%,1947101,941187,1005914,308%,477231,247359,229871
741,Haggardfink,9044669,3454627,5590043,554%,1381976,639006,742970,363%,298483,175981,122502
742,Prunewatchful,8369263,1880428,6488835,413%,1633009,481952,1151057,193%,557341,182728,374613
743,Myceliumamniote,12851856,1829190,11022665,161%,4922150,1153758,3768392,8%,4557546,925516,3632030
744,Feavar,9731618,4551816,5179801,389%,1991473,913450,1078023,254%,562563,270536,292027
745,Splintstea,9548810,2121491,7427319,416%,1851613,319587,1532026,,,,
746,Stovepuck,11814975,5904502,5910473,447%,2158432,1091728,1066704,465%,382023,186109,195914
747,Pickyfive,9826723,4458447,5368275,227%,3001386,867011,2134375,236%,893270,336901,556369
748,Lardfaceimproper,4095195,6966311,-2871115,519%,661528,1150437,-488909,479%,114254,181693,-67440
749,Rattlemurrelet,7496334,6186394,1309940,505%,1238630,1200428,38202,273%,332072,279673,52400
750,Mountinggregarious,10042479,429830,9612650,509%,1649103,61510,1587593,547%,254885,11817,243068
751,Scalptowhee,5503230,1830110,3673120,308%,1348831,346278,1002553,107%,651609,266214,385395
752,Todaypatches,10397767,3073596,7324171,392%,2112431,505871,1606560,505%,349162,78213,270949
753,Aminoshag,5702051,3939169,1762882,559%,865556,498577,366979,572%,128803,61313,67490
754,Flexthirsty,6981026,3767852,3213174,432%,1313379,1001090,312289,444%,241430,232011,9419
755,Oystergarrulous,9134076,3487398,5646678,266%,2492397,728615,1763782,215%,791237,195904,595333
756,Befriendogle,13003637,1758425,11245212,185%,4567864,11502357,-6934493,231%,1380019,5077884,-3697865
757,Smugready,9830237,1310857,8519379,428%,1863027,223844,1639183,436%,347580,47722,299857
758,Sidedmisty,5718760,3318167,2400594,389%,1169280,594689,574591,404%,232000,140386,91614
759,Magnesiumrocked,10530777,2385900,8144877,488%,1789609,489933,1299676,531%,283615,81351,202264
760,Stupidarboreal,11435362,5130874,6304488,413%,2229609,953927,1275682,393%,452253,235970,216284
761,Osmiumcrockery,8574593,443493,8131099,194%,2920545,178895,2741650,27%,2299642,376983,1922659
762,Schnitzelfields,9984255,5916942,4067313,536%,1570220,870194,700026,,,,
763,Bignumadept,7861101,4068630,3792471,481%,1352222,714488,637734,535%,212948,100286,112662
764,Shapelessunits,7686484,5238627,2447857,361%,1667471,1157914,509557,404%,330847,191170,139678
765,Samsungclimbing,10239915,5575608,4664307,395%,2069542,1124759,944783,225%,636782,540213,96569
766,Kickminstrel,9479116,3100573,6378543,295%,2398097,928792,1469305,115%,1115394,339731,775663
767,Cherriesplump,9503959,3757807,5746152,396%,1917789,826724,1091065,355%,421492,174989,246503
768,Solsticeaudio,10544309,4248732,6295578,375%,2220121,763050,1457071,338%,506877,183095,323782
769,Skywalkerwhether,9375557,1543572,7831986,374%,1979274,256541,1722733,385%,408098,51533,356565
770,Studyingforty,8025209,2720832,5304378,461%,1431050,489373,941677,497%,239707,67422,172285
771,Ascendermogul,11490135,4083093,7407042,298%,2886624,658197,2228427,,,,
772,Vapourmammering,11999542,3644200,8355342,364%,2584640,613635,1971005,549%,398250,101307,296943
773,Touchyopposite,7875855,5508953,2366902,420%,1514253,892896,621357,407%,298669,194600,104069
774,Turbulentbridle,10687897,3544194,7143703,475%,1858038,626633,1231405,532%,293993,132614,161379
775,Bobcheek,11525727,2217638,9308088,297%,2900970,611328,2289642,301%,723434,260829,462605
776,Cribcaused,7020223,5683236,1336986,531%,1112229,798697,313532,351%,246614,176508,70106
777,Bushoil,10139870,5024687,5115183,405%,2006201,900105,1106096,355%,440923,160834,280089
778,Aldineammonium,12263253,2195787,10067467,291%,3139719,543378,2596341,63%,1926208,1316829,609379
779,Tryfanscaly,8456970,6736439,1720531,517%,1371216,918869,452347,554%,209666,139146,70520
780,Cajoleavoidant,10771339,1185898,9585440,313%,2606310,317595,2288715,361%,565360,113950,451410
781,Cogstrip,9705673,6667372,3038302,436%,1812137,1172448,639689,122%,816278,303401,512877
782,Needlesbosnian,11671478,3144845,8526633,360%,2535868,822080,1713788,504%,419846,167358,252488
783,Announcesbuck,6146640,4390260,1756381,489%,1043729,978702,65027,288%,269002,187557,81445
784,Ericssonsafe,4844389,6503652,-1659263,330%,1126692,1674839,-548147,191%,387179,403781,-16602
785,Geometrycrane,7273495,436039,6837455,415%,1411231,76963,1334268,390%,288006,20491,267515
786,Flakesmingling,6047509,2563659,3483850,470%,1061165,483864,577301,570%,158383,91240,67143
787,Ahemparticular,12367661,4908512,7459149,394%,2502931,1020428,1482503,444%,460098,135336,324761
788,Tubeverest,8116526,596967,7519559,491%,1372553,113666,1258887,394%,277845,19111,258734
789,Liripoopquean,6129971,2398307,3731664,335%,1408106,400480,1007626,431%,265180,86528,178652
790,Rawchickenequip,5865323,4128305,1737017,139%,2451275,2107390,343885,80%,1361819,4382276,-3020456
791,Oraclemend,11043821,8701267,2342553,387%,2269618,1608774,660844,350%,504360,420947,83413
792,Nthracer,7748179,1068850,6679328,427%,1469911,183940,1285971,326%,345050,40318,304732
793,Loosepause,10008935,5285445,4723490,458%,1794333,858003,936330,441%,331670,217642,114028
794,Teenagean,7338571,5388721,1949850,412%,1433734,1138090,295644,564%,215924,166855,49068
795,Pendulumfriction,10190851,2487993,7702858,357%,2228162,475314,1752848,276%,592596,128015,464582
796,Dragonnode,9649797,5757388,3892409,483%,1656446,781207,875239,618%,230703,104765,125938
797,Australisbetter,11078804,3006435,8072369,380%,2307722,421067,1886655,363%,498428,201973,296455
798,Profilecliche,9398668,3333103,6065565,418%,1813023,778576,1034447,239%,534815,333477,201338
799,Indonesianheliopause,8703595,6649914,2053682,418%,1680931,1355466,325465,193%,573697,890395,-316699
800,Roastjittery,9006369,4505335,4501034,392%,1829292,704850,1124442,223%,566344,149096,417248
801,Abaftpractised,8151016,4306926,3844090,386%,1677495,1214535,462960,409%,329567,202277,127290
802,Soulfulantigravity,10954009,4886200,6067809,285%,2845749,1011942,1833807,363%,614633,173317,441315
803,Toolsavagery,8942107,4491305,4450802,369%,1905063,924537,980526,393%,386423,192154,194269
804,Bittenwheat,8311364,6363461,1947903,284%,2165332,2380179,-214847,107%,1046054,968654,77400
805,Charmdrone,7308411,10869101,-3560690,451%,1326958,2179814,-852856,592%,191757,319657,-127900
806,Magmarejoice,5894152,6401348,-507196,188%,2048105,2277545,-229440,35%,1517115,5158766,-3641652
807,Fermiumdessicants,7750699,5018641,2732059,353%,1709498,1100171,609327,315%,411927,292796,119132
808,Dessertsmugger,7463326,1774638,5688688,293%,1897281,670555,1226726,278%,501926,204105,297821
809,Bloodhoundthin,13712279,2837399,10874880,353%,3028610,716025,2312585,387%,621891,203582,418309
810,Waggerhooves,8222254,4879893,3342361,368%,1758434,683833,1074601,278%,465194,307191,158003
811,Ganymedeunique,6687380,1662558,5024822,503%,1108510,298134,810376,486%,189166,69272,119893
812,Elongationmanagerial,10299965,3024481,7275484,531%,1633278,746569,886709,456%,293755,141663,152092
813,Lotwee,8131491,6371665,1759826,430%,1533414,1226582,306832,438%,285021,310995,-25974
814,Miaowgrinder,7697469,5036679,2660790,433%,1444484,1078685,365799,418%,278858,236397,42461
815,Fablescraper,9515666,5424688,4090978,252%,2702783,1619966,1082817,197%,910028,1411335,-501307
816,Lardassare,8758326,487246,8271079,411%,1714072,99999,1614073,431%,322801,27358,295443
817,Numericpigeon,11494180,3090940,8403239,320%,2734790,538656,2196134,416%,529998,126380,403618
818,Createblender,9723829,5819265,3904564,434%,1822499,1033440,789059,413%,355263,237486,117777
819,Beltssneering,8798281,6617273,2181008,386%,1810842,1364951,445891,277%,480329,473060,7269
820,Karatedistance,8445834,5221833,3224001,357%,1848788,929470,919318,,,,
821,Footshy,5275078,944661,4330417,318%,1260547,350518,910029,302%,313569,94060,219509
822,Bonfirefailing,12399630,3396476,9003154,398%,2491574,670057,1821517,402%,496329,155372,340957
823,Openstrustee,11666249,7344982,4321267,450%,2119425,1290521,828904,373%,448081,216114,231967
824,Bevvyvanadium,7168272,682468,6485805,443%,1319304,133631,1185673,406%,260732,37451,223281
825,Launchbiggest,9169187,3850631,5318556,389%,1874058,732837,1141221,,,,
826,Scornsomalian,8766714,2052276,6714438,294%,2227038,467533,1759505,244%,647395,170311,477084
827,Cyclasesvg,7141472,4362686,2778786,467%,1260314,836680,423634,465%,223064,127150,95914
828,Witchesesteemed,8087059,5889203,2197855,394%,1637998,1387959,250039,144%,671311,874396,-203086
829,Blueshiftcrispy,9642189,6823455,2818734,420%,1852565,2339593,-487028,192%,634440,615448,18992
830,Dishesbitten,2631235,1938473,692762,335%,605553,390898,214655,224%,186899,362923,-176024
831,Twistedelephant,11917213,2814394,9102819,440%,2204865,430919,1773946,365%,474165,83451,390713
832,Blouseinsoluble,7713376,3018424,4694952,352%,1704841,673665,1031176,319%,406883,221548,185335
833,Whinchatdates,7475092,1097499,6377593,349%,1665644,180891,1484753,288%,429290,39006,390284
834,Kidsdoylt,9926310,2214088,7712222,495%,1667740,315110,1352630,697%,209252,37611,171641
835,Annoyinglyarabian,9898505,1665920,8232584,426%,1880643,335688,1544955,337%,430353,76256,354097
836,Ursastudying,4637647,415664,4221983,308%,1137556,147309,990247,376%,238982,28416,210567
837,Basemuddled,8100136,3661647,4438489,445%,1486967,1006172,480795,447%,271840,144185,127656
838,Hostileglove,8736305,4299102,4437202,498%,1462128,600694,861434,572%,217579,101911,115667
839,Granolabooby,6756153,7183552,-427399,339%,1538406,2420858,-882452,283%,401673,1333662,-931989
840,Thrushemillwright,11215145,1802685,9412459,462%,1994639,375307,1619332,606%,282527,55239,227287
841,Errantplastic,5998941,7222599,-1223658,437%,1117959,1422206,-304247,414%,217502,176232,41270
842,Studycanadian,8923310,2337544,6585766,440%,1652275,446689,1205586,179%,592213,188162,404051
843,Ikeamongolian,7165221,4505105,2660116,433%,1344710,870308,474402,434%,251818,264510,-12691
844,Handgunheard,7223463,3608917,3614546,339%,1644154,646610,997544,239%,485001,493981,-8980
845,Ibexecheeks,9897384,5579894,4317490,420%,1902610,1132011,770599,321%,451926,310084,141842
846,Trapexperts,6788469,3214119,3574350,310%,1654816,980600,674216,326%,388454,180495,207959
847,Muttonmint,9974454,6387203,3587252,390%,2036708,1142935,893773,496%,341730,216349,125381
848,Sternlinguistic,8047084,2413538,5633546,540%,1257921,360391,897530,579%,185261,51214,134047
849,Currymercurial,11221821,3573280,7648541,556%,1710375,459037,1251338,481%,294385,86845,207540
850,Totallyzonked,7506219,6688379,817840,439%,1392028,1066465,325563,340%,316370,301168,15202
851,Voleworry,11764441,3706679,8057762,691%,1487255,405300,1081955,702%,185443,47909,137534
852,Practisemax,9426357,4157735,5268621,286%,2440321,974281,1466040,259%,679755,183249,496506
853,Slicerseptum,9775286,4510084,5265201,528%,1555443,1233825,321618,,,,
854,Librationmelba,9053058,5883008,3170050,397%,1819940,1076161,743779,382%,377581,278069,99512
855,Placehospitable,12576493,1925321,10651172,595%,1809865,299032,1510833,547%,279732,41424,238308
856,Gelatinmonths,7274544,3612741,3661804,326%,1706219,878141,828078,,,,
857,Drunkactually,7181921,4294121,2887800,289%,1845759,660335,1185424,,,,
858,Subtletymosaic,8709591,4515538,4194053,470%,1528331,874856,653475,314%,369162,152265,216897
859,Arabianagena,11941632,4887652,7053981,405%,2365091,870299,1494792,361%,513035,179415,333620
860,Costvicious,9614064,3752596,5861468,387%,1972759,972308,1000451,306%,485901,254770,231131
861,Admitruppell,9375526,1511586,7863941,338%,2139026,249259,1889767,312%,519181,75241,443940
862,Nerfheardercanapes,8914162,3139637,5774525,307%,2188607,609918,1578689,98%,1105357,867503,237855
863,Theirordered,9525187,5987804,3537384,444%,1750656,1120745,629911,587%,254826,183954,70872
864,Lucrepickled,7894933,3512395,4382538,507%,1300595,471982,828613,535%,204818,91808,113010
865,Shadefronted,12242397,1381925,10860472,537%,1920660,223375,1697285,451%,348577,49344,299233
866,Factsworldcup,8830547,1709800,7120748,626%,1216592,241985,974607,597%,174547,36856,137691
867,Marchedsausage,9620121,3370435,6249686,435%,1798020,751829,1046191,320%,428100,409490,18610
868,Glandminer,8065626,2501327,5564299,538%,1264585,348531,916054,561%,191314,49383,141931
869,Queryinghovers,13121872,2745474,10376398,452%,2375424,406335,1969089,293%,604434,110196,494237
870,Tausnash,6554612,4727267,1827345,260%,1822696,1145128,677568,470%,319771,197509,122263
871,Crushingguatemalan,6834183,4821152,2013031,417%,1321034,1025395,295639,337%,302296,203148,99148
872,Enterwaist,6858282,5159202,1699080,268%,1863383,1734938,128445,245%,540111,496535,43576
873,Goblaces,7624263,5974066,1650196,647%,1020441,692973,327468,563%,153913,101039,52874
874,Cutranked,7371888,3968735,3403153,234%,2204456,1532344,672112,139%,922367,614737,307630
875,Wingfluther,11486747,7617623,3869124,450%,2089577,1682102,407475,357%,457238,387508,69730
876,Formulasfunnels,7622170,4491556,3130614,496%,1279749,662699,617050,407%,252416,135688,116728
877,Crunchabout,5577373,2895975,2681398,452%,1010325,479638,530687,390%,206189,120793,85396
878,Grippingstirring,4419277,4890906,-471630,543%,687242,691638,-4396,486%,117277,140716,-23439
879,Congolesegossip,8394130,6914339,1479791,231%,2536022,5536898,-3000876,206%,828765,1759492,-930727
880,Onlytilted,13628926,5342939,8285986,513%,2223620,811463,1412157,625%,306706,94473,212234
881,Graphicchlorine,8510889,6103413,2407476,351%,1886198,1606485,279713,380%,392958,359870,33088
882,Scullianpinwheel,15188113,3623069,11565044,386%,3128035,732564,2395471,402%,623115,174661,448453
883,Cranegreatest,7127742,9198206,-2070465,358%,1556739,1614269,-57530,277%,412928,483613,-70684
884,Skillscurve,10163562,5931251,4232311,356%,2230343,1245702,984641,299%,558983,270890,288093
885,Measuresflipping,9730457,7832473,1897984,454%,1757011,1231831,525180,372%,372248,307152,65096
886,Greaseperform,10763212,4985636,5777576,306%,2647808,1226745,1421063,262%,731439,515256,216182
887,Ridglingshod,8293498,6165133,2128365,264%,2278858,1216148,1062710,219%,714376,495035,219341
888,Initialhorseman,5673115,1927957,3745158,383%,1174914,471277,703637,265%,321894,187142,134753
889,Linkedallianz,6300572,8606412,-2305840,149%,2526151,4578644,-2052493,205%,828246,2867949,-2039703
890,Sculptorjelly,10875181,3868631,7006550,347%,2434291,765494,1668797,209%,787796,466504,321293
891,Surroundoutrageous,11580398,2324622,9255776,394%,2346559,359396,1987163,224%,724247,102205,622041
892,Hallsshotgun,6874728,442275,6432453,243%,2002432,160042,1842390,122%,901996,51828,850169
893,Pricklemisfits,8987881,3760581,5227299,496%,1506981,580584,926397,249%,431800,157765,274034
894,Testingear,10651148,4539151,6111997,415%,2067497,871201,1196296,359%,450435,148761,301675
895,Riddledinfant,8368302,4054153,4314149,435%,1565557,625085,940472,403%,311244,130926,180318
896,Motorearth,9751833,4218906,5532928,483%,1673528,559130,1114398,422%,320599,86835,233764
897,Supernovafishing,6092674,2125780,3966894,432%,1145220,331437,813783,530%,181781,45908,135873
898,Detritaldartford,8873078,6319833,2553246,488%,1509442,969744,539698,586%,220035,113079,106957
899,Statuesquelook,6842694,1551580,5291114,258%,1913675,339690,1573985,171%,706153,99725,606428
900,Appliesoverrated,12506421,3726979,8779442,418%,2416249,703746,1712503,436%,450793,109831,340962
901,Bumhercules,6426676,6910968,-484292,344%,1449002,1700561,-251559,139%,606277,771886,-165609
902,Cabinetswainson,8939613,2611768,6327845,504%,1480410,426156,1054254,476%,257016,128903,128112
903,Flaskssunny,8589862,214470,8375392,522%,1380882,31778,1349104,446%,252909,6690,246219
904,Canuvula,12663541,4681764,7981776,484%,2168196,646486,1521710,354%,477576,207040,270536
905,Glazetwang,9864586,1188169,8676417,270%,2666817,411703,2255114,,,,
906,Blendplacid,10581245,3680006,6901239,560%,1602080,692822,909258,,,,
907,Busylivid,7253811,3373542,3880269,476%,1258536,515515,743021,,,,
908,Mesontrekking,7538439,5334742,2203697,527%,1202295,689749,512546,272%,323198,227863,95334
909,Infectedduck,10417062,4118312,6298750,524%,1669484,781115,888369,445%,306327,136102,170226
910,Allowuntidy,4528393,2309345,2219047,629%,621302,421029,200273,,,,
911,Moleculecircle,11094661,1026548,10068113,397%,2234005,163367,2070638,411%,437183,26422,410761
912,Fadalert,11851513,4057418,7794095,560%,1794742,703770,1090972,,,,
913,Putmovement,11002468,984696,10017772,369%,2347263,203253,2144010,370%,499418,66413,433005
914,Portlyroomy,7707035,4887547,2819488,520%,1242312,921800,320512,318%,297204,262543,34661
915,Clerkhusky,4477734,4940211,-462477,327%,1047617,980639,66978,145%,427599,310159,117440
916,Snobcarrot,12164116,6555657,5608458,425%,2315301,1115643,1199658,384%,478368,213277,265091
917,Restrainthomerun,8522561,5647178,2875382,443%,1569807,986237,583570,352%,347302,296367,50935
918,Poxhewn,9884270,6588342,3295928,548%,1524845,1080978,443867,583%,223257,163078,60179
919,Nescafeshameless,16100762,2453377,13647384,428%,3049121,439529,2609592,341%,691411,111320,580090
920,Gemsubmit,9852788,4357656,5495132,293%,2506988,854318,1652670,373%,530019,180074,349945
921,Rustyentertain,9646815,1680823,7965992,500%,1607710,378773,1228937,401%,320900,84949,235951
922,Novelfollicle,9028550,4379097,4649453,375%,1898759,1122381,776378,252%,539420,425189,114231
923,Miaplacidusneuroma,6439391,8251925,-1812535,325%,1514826,2513900,-999074,251%,431574,719617,-288042
924,Yawningcricket,12247618,5133190,7114428,301%,3057736,1197501,1860235,161%,1171546,1308031,-136485
925,Dinggleeful,5925070,5021741,903329,155%,2324723,1541898,782825,42%,1637129,2587620,-950491
926,Friendlego,9176783,4279255,4897529,462%,1631830,647443,984387,492%,275647,153584,122063
927,Lambdafortunate,8475310,5259295,3216015,280%,2228293,875509,1352784,164%,844050,995562,-151511
928,Skyracket,12697081,1666758,11030323,438%,2361288,317492,2043796,249%,676587,78603,597983
929,Perfumedkink,7156227,4692120,2464107,353%,1580469,941377,639093,185%,554551,193499,361051
930,Dashedcompounds,7791846,7879018,-87171,239%,2296800,3704188,-1407388,,,,
931,Porkpuddings,8112482,3432122,4680361,495%,1363209,515172,848037,425%,259659,94473,165186
932,Follyslushy,10114086,4481517,5632569,275%,2694267,1436452,1257815,53%,1760959,626558,1134401
933,Hayloftmizuna,15312302,4137907,11174395,458%,2742256,684228,2058028,525%,438761,125049,313712
934,Thalliumwould,5708327,8866642,-3158315,396%,1149840,2034012,-884172,,,,
935,Regexsay,7642133,4995467,2646667,522%,1227703,1103161,124542,521%,197698,153037,44661
936,Resolvingadaptation,8457045,4109590,4347456,253%,2395066,8030452,-5635386,213%,765197,1983883,-1218686
937,Hoeforeach,8000248,1629029,6371219,432%,1504601,323785,1180816,439%,279147,72509,206638
938,Dessertsanchovy,11059461,3744277,7315184,462%,1966471,514777,1451694,426%,373854,123618,250236
939,Reveredtogether,10614892,4960210,5654682,394%,2147573,1110358,1037215,267%,585170,247380,337790
940,Langedprivacy,11398400,4562048,6836352,493%,1923206,654870,1268336,609%,271256,90059,181198
941,Snugglyundertaker,9467051,3281019,6186031,559%,1437108,592036,845072,440%,266131,139025,127106
942,Nickedexaggerate,10547041,2668110,7878931,360%,2293710,806412,1487298,277%,608411,192180,416231
943,Bloomingpeeve,9770892,4452036,5318856,519%,1577375,752023,825352,492%,266448,121420,145029
944,Grippingcar,8394340,7198862,1195478,338%,1918519,2182927,-264408,360%,417069,717860,-300790
945,Bollersimmigrate,7780800,3651131,4129669,490%,1318913,559906,759007,320%,314027,173116,140911
946,Rosychoke,9153970,3408135,5745835,434%,1713554,741508,972046,349%,381638,145182,236456
947,Valuesbilled,8214550,7479813,734738,294%,2086399,1682295,404104,307%,512629,591690,-79061
948,Powerlinnet,7854033,1709945,6144088,374%,1658041,326137,1331905,151%,660574,398636,261938
949,Stayspheroid,8174923,1093254,7081669,292%,2085600,323481,1762119,202%,690596,104235,586361
950,Barmpotfishified,10213365,5045210,5168155,377%,2140726,2547287,-406561,398%,429865,565192,-135328
951,Smokingwidgeon,9987136,3868138,6118998,374%,2105689,1282146,823543,391%,428857,275575,153282
952,Chinekogi,6899304,1745254,5154051,179%,2475142,618599,1856543,2%,2426610,362092,2064518
953,Swordsbubble,10512763,4987015,5525748,348%,2347317,1454840,892477,142%,969966,547557,422409
954,Soddenfurther,7243036,4517857,2725179,365%,1556753,915128,641625,172%,572336,618349,-46013
955,Potatoeswabbit,10542009,6196355,4345654,274%,2820937,1677069,1143868,351%,625485,392870,232615
956,Drudgelepe,8786459,4375919,4410540,257%,2461854,2651286,-189432,204%,809820,710057,99763
957,Machinepond,10213584,1465596,8747988,262%,2825154,496277,2328878,83%,1543800,246914,1296886
958,Heinzvolary,8725745,1477540,7248206,467%,1538397,216047,1322350,,,,
959,Excellencerecent,10611567,5617420,4994147,525%,1697587,1001432,696155,399%,340198,160195,180003
960,Condemnedgenuine,8998948,3222422,5776526,415%,1748776,626366,1122410,369%,372873,91561,281313
961,Cylinderscurve,8735169,2725553,6009616,451%,1586575,498029,1088546,306%,390782,114514,276268
962,Thrushetrundle,8111134,4721446,3389688,433%,1520542,880659,639883,,,,
963,Fatsohealth,7239406,5665024,1574382,461%,1290226,1082619,207607,492%,217944,157693,60251
964,Abusivebong,8543321,3841435,4701886,407%,1685689,621215,1064474,343%,380517,177111,203406
965,Pinterestcrannies,9709908,2896082,6813826,382%,2016176,469491,1546685,376%,423566,84626,338941
966,Baileycrowd,9366573,1619483,7747091,721%,1141368,182091,959277,,,,
967,Foxwml,10072452,6335458,3736994,298%,2532709,2444164,88545,249%,725705,743005,-17300
968,Insistentrhinoceros,9436737,1921913,7514824,452%,1709897,423142,1286755,323%,404231,125851,278380
969,Serpentineappeals,9673934,3460147,6213787,125%,4305580,1235880,3069700,154%,1695110,5814242,-4119132
970,Acutegreaseproof,8042933,993787,7049147,481%,1384047,172022,1212025,317%,331906,45922,285983
971,Chockscruffy,9018702,2692150,6326552,373%,1907518,473698,1433820,209%,617320,230070,387249
972,Genusequ,8498464,5741773,2756691,509%,1395916,1072294,323622,378%,292033,237563,54469
973,Beeftester,9305615,3316207,5989409,178%,3343464,11690907,15034371,129%,1460028,6524106,-5064078
974,Peardinner,12251296,4595021,7656275,271%,3305372,1646407,1658965,300%,826343,384413,441930
975,Sparsegaiters,11146689,3546463,7600226,532%,1762819,423853,1338966,456%,317054,93471,223583
976,Fearwhimbrel,10637944,6238539,4399405,313%,2578018,1532564,1045454,294%,654319,429690,224629
977,Dwindlecertain,14146990,7289795,6857194,291%,3617940,1988495,1629445,425%,689131,398026,291106
978,Snakechallenges,11262614,6819373,4443240,491%,1906173,1068682,837491,169%,708615,546615,162000
979,Quickpolls,10197161,307928,9889233,448%,1859311,47589,1811722,431%,350153,8837,341315
980,Fennelleaves,6739499,3070114,3669385,516%,1093311,413611,679700,468%,192484,86879,105605
981,Rubypituitary,13970069,3401640,10568430,221%,4354102,697965,3656137,21%,3598431,1255517,2342915
982,Oilyrhyolite,10089903,4309359,5780544,641%,1361213,585708,775505,700%,170152,71594,98557
983,Monkeylittle,6161386,5411675,749710,516%,1000092,764748,235344,532%,158242,112015,46227
984,Suckedregister,9511235,3995152,5516083,307%,2337181,991300,1345881,215%,741962,366376,375587
985,Portfolioeducated,9078519,6994753,2083766,160%,3492098,1571097,1921001,-21%,4420377,1529711,2890666
986,Comparejson,12359532,6527308,5832224,368%,2642811,1313839,1328973,398%,530685,338433,192252
987,Fooljuicer,5576014,5459810,116203,594%,804016,809529,-5513,458%,144089,142018,2071
988,Honeycombdistressed,7173712,6403270,770442,450%,1305077,1794188,-489111,136%,552999,487102,65896
989,Pickledcanoeing,9654196,6460234,3193962,380%,2011478,1653482,357996,297%,506670,319576,187094
990,Wideeyedtempting,9380077,3593890,5786187,396%,1889872,609084,1280788,275%,503966,154779,349187
991,Assurehelp,10019551,4004040,6015511,351%,2220629,795310,1425319,,,,
992,Gravedengue,8312364,6364910,1947454,471%,1455271,1275445,179826,,,,
993,Shrimpssecurity,7919278,4355504,3563774,520%,1277178,705049,572129,585%,186449,107624,78826
994,Rawfishcomplete,8624949,4951178,3673772,353%,1904737,1297727,607010,492%,321746,331682,-9936
995,Buretteadmirable,10407450,2833136,7574314,223%,3219963,820821,2399142,108%,1548059,9362137,-7814078
996,Inventtremendous,9144857,4755995,4388862,392%,1859674,911725,947949,437%,346308,147169,199139
997,Overviewparrot,9134728,5152110,3982618,413%,1780432,907613,872819,379%,371698,128087,243610
998,Belaguerra,12387130,1387784,10999346,431%,2334555,250486,2084069,294%,592527,60749,531778
999,Moviespotter,9849519,1786744,8062775,420%,1893587,418019,1475568,437%,352623,92721,259903
1000,Allpossible,6949706,689161,6260546,448%,1268366,131635,1136731,377%,265905,29911,235993